id,source_row,store_name,naver_place_name,category,address,naver_road_address,first_image,naver_url
1339655296,361,원조감자탕일미집(판교점),원조감자탕일미집 판교점,감자탕,"13494) 경기도 성남시 분당구 판교역로 235 1층 127호(삼평동, 에이치스퀘어 엔동)",경기 성남시 분당구 판교역로 235 1층 127호,https://ldb-phinf.pstatic.net/20210103_139/1609638213935yBHKY_JPEG/WOwPjiGCoFS6xBN-s3EakyvN.jpg,https://m.place.naver.com/place/1339655296/menu/list
959193386,268,조마루감자탕(판교점),조마루감자탕 판교점,감자탕,"13494) 경기도 성남시 분당구 판교역로 231 삼평동, 에이치스퀘어 에스동",경기 성남시 분당구 판교역로 231 H스퀘어 S동 129호,https://ldb-phinf.pstatic.net/20260105_280/1767542677597Ymsxw_JPEG/1619412852112.jpg,https://m.place.naver.com/place/959193386/menu/list
1255379622,342,기달임_QR,기달임 돼지곰탕 본점,"곰탕,설렁탕",13493) 경기도 성남시 분당구 판교역로 240 (삼평동) 지하1층 B112호,경기 성남시 분당구 판교역로 240 삼환하이펙스 A동 지하112호 기달임,https://ldb-phinf.pstatic.net/20230627_281/1687872283147Svd7g_JPEG/1687872115155.jpg,https://m.place.naver.com/place/1255379622/menu/list
1168553145,397,한촌설렁탕(판교테크노밸리점),한촌설렁탕 판교테크노밸리점,"곰탕,설렁탕","13494) 경기도 성남시 분당구 판교역로 231 (삼평동) B129,130호(삼평동, 에이치스퀘어 에스동)","경기 성남시 분당구 판교역로 231 에이치스퀘어 S동 B129, B130호",https://ldb-phinf.pstatic.net/20230727_172/1690414990444CFYvd_PNG/%C7%D1%C3%CC_%BC%B3%B7%B7%C5%C1.png,https://m.place.naver.com/place/1168553145/menu/list
1082016564,62,막창막장,막창막장 판교유스페이스점,"곱창,막창,양",13494) 경기도 성남시 분당구 대왕판교로 660 (삼평동) 2층234호,경기 성남시 분당구 대왕판교로 660 2층 234호,https://ldb-phinf.pstatic.net/20250307_216/1741359209392Wgb8D_JPEG/%B8%DE%B4%BA_%BB%FD%B8%B7%C3%A2.jpg,https://m.place.naver.com/place/1082016564/menu/list
1800463318,139,사위식당(판교점),사위식당 판교점,"곱창,막창,양","13529) 경기 성남시 분당구 판교역로 152 백현동, 알파돔타워, 2층",경기 성남시 분당구 판교역로 152 알파돔타워 2층,https://ldb-phinf.pstatic.net/20251203_21/1764728520962ECxgl_JPEG/%C1%A1%BD%C9%C6%AF%BC%B1_%B3%AB%BF%EC%BB%F5.jpg,https://m.place.naver.com/place/1800463318/menu/list
34582866,282,삼대곱창,삼대곱창,"곱창,막창,양","13494) 경기도 성남시 분당구 대왕판교로 660 삼평동, 유스페이스1 2층 202호",경기 성남시 분당구 대왕판교로 660 유스페이스1A동 202호,https://ldb-phinf.pstatic.net/20200623_129/1592876371939djSik_PNG/ODStZW9ubl-kmaUnJUz5JM3m.png,https://m.place.naver.com/place/34582866/menu/list
1014550775,181,양우정(판교점),양우정 판교점,"곱창,막창,양","13530) 경기도 성남시 대왕판교로606번길 10, 1층 112,113,114호(백현동,알파리움1단지)",경기 성남시 분당구 대왕판교로606번길 10 라스트리트 1동 112호,https://ldb-phinf.pstatic.net/20240701_280/1719838685663O5mtv_JPEG/%B8%DE%B4%BA%BB%E7%C1%F8_%BF%CD%C0%CE.jpg,https://m.place.naver.com/place/1014550775/menu/list
260155128,298,통통곱창,통통곱창,"곱창,막창,양","13524) 경기도 성남시 분당구 대왕판교로606번길 45 삼평동, 판교역 푸르지오시티 102호",경기 성남시 분당구 대왕판교로606번길 45 102호,https://ldb-phinf.pstatic.net/20251218_161/1766046676280dCaQX_JPEG/1000017605.jpg,https://m.place.naver.com/place/260155128/menu/list
87958378,28,판교 인생곱창,판교인생곱창,"곱창,막창,양",13524) 경기도 성남시 분당구 판교역로192번길 16 (삼평동) 1층,"경기 성남시 분당구 판교역로192번길 16 판교타워 102, 103호",https://ldb-phinf.pstatic.net/20260423_45/17769232985565UqQt_JPEG/IMG_9489.jpeg,https://m.place.naver.com/place/87958378/menu/list
1700157492,292,광화문국밥(판교점),광화문국밥 판교점,국밥,"13529) 경기 성남시 분당구 판교역로 152 백현동, 알파돔타워, 2층",경기 성남시 분당구 판교역로 152 알파돔타워 2층,https://ldb-phinf.pstatic.net/20191101_285/1572581023995hCz3s_JPEG/tcGNjPSgHVQ4qLu_6VJHabyx.jpg,https://m.place.naver.com/place/1700157492/menu/list
1865055350,69,상기육개장,상기육개장,국밥,13536) 경기도 성남시 분당구 판교역로2번길 34 (백현동) 상기육개장,경기 성남시 분당구 판교역로2번길 34 1층 102호,https://ldb-phinf.pstatic.net/20250331_185/1743413533366qL5gu_JPEG/IMG_4145.jpeg,https://m.place.naver.com/place/1865055350/menu/list
38262480,256,재크와콩나물,재크와 콩나물,국밥,13494) 경기도 성남시 분당구 판교역로 231 B111호 에이치스퀘어 에스동,경기 성남시 분당구 판교역로 231,,https://m.place.naver.com/place/38262480/menu/list
33625986,314,전주현대옥(판교점),현대옥 판교점,국밥,"13494) 경기 성남시 분당구 대왕판교로 670, 122호 삼평동, 유스페이스2",경기 성남시 분당구 대왕판교로 670 유스페이스2 B동 122-1호,https://ldb-phinf.pstatic.net/20251223_87/17664487240082UQ3o_JPEG/1._%B3%B2%BA%CE%BD%C3%C0%E5%BD%C4_%BF%AC%C3%E2.jpg,https://m.place.naver.com/place/33625986/menu/list
38009381,136,이백소면,이백소면 판교본점,국수,"13524) 경기도 성남시 분당구 대왕판교로606번길 31 삼평동, 1층",경기 성남시 분당구 대왕판교로606번길 31,,https://m.place.naver.com/place/38009381/menu/list
279056593,309,기름짜는 김밥집,기름짜는김밥집,김밥,13494) 경기도 성남시 분당구 판교역로 231 (삼평동) 118호,경기 성남시 분당구 판교역로 231 에이치스퀘어 에스동,,https://m.place.naver.com/place/279056593/menu/list
1207262616,66,진부엉이꼬마김밥,진부엉이꼬마김밥,김밥,13494) 경기도 성남시 분당구 판교역로241번길 22 (삼평동) 1층 118호,경기 성남시 분당구 판교역로241번길 22 엠타워 1층,https://ldb-phinf.pstatic.net/20250602_253/1748873336042MbaBc_JPEG/1000016411.jpg,https://m.place.naver.com/place/1207262616/menu/list
31028669,215,통통낙지마을,통통낙지마을,낙지요리,"13493) 경기도 성남시 분당구 판교역로 230 B동 209호 (삼평동,삼환하이펙스)",경기 성남시 분당구 판교역로 230 삼환하이펙스 b동 209호,,https://m.place.naver.com/place/31028669/menu/list
1778869328,154,평안_QR,평안,냉면,13493) 경기도 성남시 분당구 판교역로 240 (삼평동) a동 b1 26-1 호  평안,경기 성남시 분당구 판교역로 240 A동 B1층 26-1호,https://ldb-phinf.pstatic.net/20241210_49/1733839673788COa2o_JPEG/ISIMG-806538.jpeg,https://m.place.naver.com/place/1778869328/menu/list
34754706,53,더피크닉,더피크닉,"다이어트,샐러드",13494) 경기도 성남시 분당구 대왕판교로 660 (삼평동) A동 130호,경기 성남시 분당구 대왕판교로 660 유스페이스1,https://ldb-phinf.pstatic.net/20221006_267/1665065944387UQaKi_JPEG/%B8%AE%C4%DA%C5%B8%28%C5%B0%BF%C0%BD%BA%C5%A9%29.jpg,https://m.place.naver.com/place/34754706/menu/list
1391670592,57,샐러드박스(판교H스퀘어점),샐러드박스 판교H스퀘어점,"다이어트,샐러드",13494) 경기도 성남시 분당구 판교역로 231 (삼평동) S동 지하 1층 106호,경기 성남시 분당구 판교역로 231 H스퀘어 S동 지하1층 106호,https://ldb-phinf.pstatic.net/20251221_92/1766247620829PMKRu_JPEG/%C0%FC%BA%B9%B3%BB%C0%E5%B8%AE%C1%B6%B6%C7.jpg,https://m.place.naver.com/place/1391670592/menu/list
1063113651,186,샐러드카페 파라,샐러드카페 파라,"다이어트,샐러드","13524) 경기도 성남시 분당구 판교역로192번길 16, 2층 210호 삼평동, 판교타워",경기 성남시 분당구 판교역로192번길 16 2층 210호,https://ldb-phinf.pstatic.net/20210720_20/1626752421217j9Yso_JPEG/WQj4KrWo7nNJ9ByXSbQyW_Pi.jpeg.jpg,https://m.place.naver.com/place/1063113651/menu/list
2083011880,34,샐러디(판교카카오점),샐러디 판교카카오점,"다이어트,샐러드",13529) 경기도 성남시 분당구 판교역로 166 1층,경기 성남시 분당구 판교역로 166 1층,https://ldb-phinf.pstatic.net/20251022_248/1761113033516fHHa5_PNG/%C5%B0%BF%C0%BD%BA%C5%A9%2C%B9%E8%B9%CE_%B4%A9%B3%A2_250430-%BA%B9%BB%E7_0002s_0022_%C5%BA%B4%DC%C1%F6%BB%F8%B7%AF%B5%F0.png,https://m.place.naver.com/place/2083011880/menu/list
1083405900,197,샐러디(판교테크노밸리점)(오더),샐러디 판교테크노밸리점,"다이어트,샐러드","13494) 경기도 성남시 분당구 대왕판교로 670 1층 114호, 샐러디",경기 성남시 분당구 대왕판교로 670 1층 114호,https://ldb-phinf.pstatic.net/20260310_279/17731125006733YXPh_PNG/18._%BF%C3%B5%A5%C0%CC%BC%BC%C6%AE_%BA%F1%C7%C1%BF%A1%B1%D7%B8%B6%BF%E4_%BB%F7%B5%E5%C0%A7%C4%A1.png,https://m.place.naver.com/place/1083405900/menu/list
2016501045,33,샐러디(판교역점),샐러디&샌드위치 판교역점,"다이어트,샐러드","13525) 경기도 성남시 분당구 대왕판교로606번길 58 1-20호, 1-29호(삼평동, 판교푸르지오월드마크)","경기 성남시 분당구 대왕판교로606번길 58 1층 1-20호, 1-29호",https://ldb-phinf.pstatic.net/20251113_150/1763027900494du9yw_JPEG/7178.jpg,https://m.place.naver.com/place/2016501045/menu/list
1809383214,239,샐러디아(판교역점),샐러디아 판교역점,"다이어트,샐러드",13525) 경기도 성남시 분당구 대왕판교로 606번길 58 대우푸르지오월드마트상가 1층 1-76호,경기 성남시 분당구 대왕판교로606번길 58 푸르지오 월드스퀘어 1층 76호,https://ldb-phinf.pstatic.net/20231130_164/1701309396775PNBMw_PNG/%B8%DE%B4%BA.png,https://m.place.naver.com/place/1809383214/menu/list
1590056599,365,슬로우캘리(판교점),슬로우캘리 판교점,"다이어트,샐러드",13494) 경기도 성남시 분당구 판교역로 235 H스퀘어 N동 102호,경기 성남시 분당구 판교역로 235 H스퀘어 N동 102호,https://ldb-phinf.pstatic.net/20251219_168/1766126302096grMuo_PNG/30_%B0%A1%B5%E7%BD%BA%B8%F0%C5%A9%B4%F6_%C7%D7%B0%F8.png,https://m.place.naver.com/place/1590056599/menu/list
2020918399,2,오늘은샐러드,오늘은샐러드,"다이어트,샐러드",13493) 경기도 성남시 분당구 판교역로 240 (삼평동) 지하 1층,경기 성남시 분당구 판교역로 240 A동 B-120-1호 오늘은샐러드,https://ldb-phinf.pstatic.net/20260317_50/1773732054660OshDc_JPEG/20260317_161744.jpg,https://m.place.naver.com/place/2020918399/menu/list
1601851950,205,올레 샐러드,올레샐러드,"다이어트,샐러드","13494) 경기도 성남시 분당구 대왕판교로 660 지하1층 비128-5호(삼평동, 유스페이스1)",경기 성남시 분당구 대왕판교로 660 지하1층 비128-5호,https://ldb-phinf.pstatic.net/20250615_270/1749971559338vgeQ9_PNG/%BA%CE%C3%A4%BB%EC%BD%BA%C5%D7%C0%CC%C5%A9%BB%F8%B7%AF%B5%E5_%B4%A9%B3%A2.png,https://m.place.naver.com/place/1601851950/menu/list
1002112328,105,투고샐러드(판교유스페이스점),투고샐러드 판교유스페이스점,"다이어트,샐러드","13494) 경기도 성남시 분당구 대왕판교로 660 2층 230호(삼평동, 유스페이스1)",경기 성남시 분당구 대왕판교로 660 유스페이스1 B동 2층 230,https://ldb-phinf.pstatic.net/20230312_191/1678630666064Bmo9C_JPEG/1.%B8%F1%BB%EC.jpg,https://m.place.naver.com/place/1002112328/menu/list
1846092327,280,프레퍼스다이어트푸드(판교점),프레퍼스 다이어트 푸드 판교점,"다이어트,샐러드",13494) 경기도 성남시 분당구 판교역로 231 (삼평동) 1층 109호,경기 성남시 분당구 판교역로 231 1층 109호,https://ldb-phinf.pstatic.net/20260224_233/1771927673471lO1VF_PNG/%C4%A1%C5%B2_%C7%C3%B7%B9%C0%CC%C6%AE.png,https://m.place.naver.com/place/1846092327/menu/list
1398997099,101,훅트포케(판교점),훅트포케 판교점,"다이어트,샐러드",13530) 경기도 성남시 분당구 판교역로 145 2층 224호,경기 성남시 분당구 판교역로 145 알파리움2단지 2층 224호,https://ldb-phinf.pstatic.net/20260325_126/1774417053333tCdP9_JPEG/1.%BF%C0%B8%AE%C1%F6%B3%CE_%C2%FC%C4%A1_%C6%F7%C4%C9.jpg,https://m.place.naver.com/place/1398997099/menu/list
2011867277,233,샐러드SLB(판교역점)_KIOSK,SLB샐러드 판교역점,"다이어트,샐러드",13529) 경기도 성남시 분당구 판교역로 152 B1층 일부,경기 성남시 분당구 판교역로 152 지하1층 SLB샐러드 판교역점,https://ldb-phinf.pstatic.net/20251215_250/1765783526932Fx3FS_JPEG/%C4%A1%C1%EE%BA%CE%C3%A4%BB%EC%BD%BA%C5%D7%B3%A2%C6%F7%C4%C9%C7%D1%BB%F31.jpg,https://m.place.naver.com/place/2011867277/menu/list
1457005752,15,닭갈비야,닭갈비야,닭갈비,"13494) 경기도 성남시 분당구 대왕판교로 670 (삼평동) 2동 B층 114호(삼평동, 유스페이스2)",경기 성남시 분당구 대왕판교로 670 B동 지하1층 114호,https://ldb-phinf.pstatic.net/20220614_168/1655195953098VeJqG_JPEG/%C4%A1%C1%EE%B4%DF%B0%A5%BA%F1_02.jpg,https://m.place.naver.com/place/1457005752/menu/list
1901521234,392,오투닭갈비부대찌개(판교점),오투닭갈비&부대찌개 판교테크노벨리점,닭갈비,"13494) 경기 성남시 분당구 대왕판교로 670 삼평동, 유스페이스2 223호",경기 성남시 분당구 대왕판교로 670 유스페이스2,,https://m.place.naver.com/place/1901521234/menu/list
747745398,225,(주)엔바이콘 하림닭요리,하림닭요리 판교점,닭볶음탕,13487) 경기도 성남시 분당구 대왕판교로645번길 36,경기 성남시 분당구 대왕판교로645번길 36 ns별관 B1,https://ldb-phinf.pstatic.net/20250605_294/1749103640297ueD9L_JPEG/%B4%DF%B1%B8%C0%CC%B8%F0%B5%D2%C7%D1%C6%C7.jpg,https://m.place.naver.com/place/747745398/menu/list
1483551001,347,키친쥰_KIOSK,키친쥰,덮밥,12364) 경기도 성남시 분당구 판교역로 230 (삼평동) 삼환하이펙스 B 동 지하1층103호,경기 성남시 분당구 판교역로 230 비동 1층 B103호,https://ldb-phinf.pstatic.net/20231126_226/170099831638982GJE_JPEG/ajj.jpg,https://m.place.naver.com/place/1483551001/menu/list
734377177,223,본도시락(판교테크노밸리점),본도시락 판교테크노밸리점,"도시락,컵밥",13493) 경기도 성남시 분당구 판교역로 230 삼환하이펙스 B동 지1층 B109호,경기 성남시 분당구 판교역로 230 삼환하이펙스 B동 제지1층 109호,https://ldb-phinf.pstatic.net/20250324_231/1742822090175aM7v8_JPEG/%C5%B0%BF%C0%BD%BA%C5%A9_500x500.jpg,https://m.place.naver.com/place/734377177/menu/list
33606166,187,서호돈가스(판교H스퀘어점),서호돈가스,돈가스,13494) 경기 성남시 분당구 판교역로 231 에이치스퀘어 에스동 1층 124호,경기 성남시 분당구 판교역로 231 에이치스퀘어 에스동 124호,https://ldb-phinf.pstatic.net/20200207_267/1581007339789WgMJb_JPEG/GEuNEoj5pC6TRQb1Zo8jHpX9.jpg,https://m.place.naver.com/place/33606166/menu/list
1375254271,236,야미카츠(본점),야미카츠 파미어스몰 판교점,돈가스,"13449) 경기 성남시 수정구 대왕판교로 815 1층 106호(시흥동, 판교창조경제밸리)",경기 성남시 수정구 대왕판교로 815 파미어스몰 기업지원허브상가동 106호,https://ldb-phinf.pstatic.net/20240817_96/17238844054774Mayb_JPEG/IMG_1272.jpeg,https://m.place.naver.com/place/1375254271/menu/list
1868385730,84,예술 작품을 빚다 비즐,예술작품을 빚다 비즐돈까스,돈가스,13494) 경기도 성남시 분당구 판교역로 231 (삼평동) H스퀘어 S동 1층 126호,경기 성남시 분당구 판교역로 231 S동 1층 126호 예술작품을 빚다 비즐돈카츠,https://ldb-phinf.pstatic.net/20250505_280/1746413940996pxCqn_JPEG/%B5%EE%BD%C94.JPG,https://m.place.naver.com/place/1868385730/menu/list
2002594093,45,이소정카츠(판교점),이소정카츠 판교점,돈가스,13494) 경기도 성남시 분당구 판교역로 231 (삼평동) 에스동 지하1층 B110호,경기 성남시 분당구 판교역로 231 H스퀘어 S동 지하1층 B110호,https://ldb-phinf.pstatic.net/20251029_191/1761712170340j3HBs_JPEG/10.%B7%CE%BD%BA%C4%AB%C3%F7__%C1%A4%BD%C4_01.jpg,https://m.place.naver.com/place/2002594093/menu/list
1772691699,213,매콤돈가스칡냉면(판교점),포크포크,돈가스,"13494) 경기도 성남시 분당구 대왕판교로 670 유스페이스2,지하1층B104호",경기 성남시 분당구 대왕판교로 670,,https://m.place.naver.com/place/1772691699/menu/list
1839706812,165,하즈벤(판교역)_QR,하즈벤 판교점,돈가스,13529) 경기도 성남시 분당구 판교역로 136 (백현동) 1층 1002호,경기 성남시 분당구 판교역로 136 1층 1002호,https://ldb-phinf.pstatic.net/20240808_78/1723112285585cjjut_JPEG/%C1%A6%C1%D6%C8%E6%B5%C5%C1%F6%B5%B7%B0%A1%C3%F7.jpg,https://m.place.naver.com/place/1839706812/menu/list
1673607487,338,효카츠,효카츠,돈가스,"13493) 경기도 성남시 분당구 판교역로 240 B113호(삼평동, 삼환하이펙스A동)",경기 성남시 분당구 판교역로 240 삼환하이펙스A동 B113호,https://ldb-phinf.pstatic.net/20230717_65/1689550682623wYYlN_JPEG/IMG_2394.jpeg,https://m.place.naver.com/place/1673607487/menu/list
1440803175,368,동그리 솥뚜껑 삼겹살(유스페이스점),동그리 솥뚜껑 삼겹살 판교테크노밸리 유스페이스점,돼지고기구이,13494) 경기도 성남시 분당구 대왕판교로 660 (삼평동) A동 203호,경기 성남시 분당구 대왕판교로 660 A동 2층 203호,https://ldb-phinf.pstatic.net/20250513_279/1747121123367bd4Yl_JPEG/98cd3eb685e1c59622ad3b9ff0d0790d.jpg,https://m.place.naver.com/place/1440803175/menu/list
31004528,169,새마을식당(판교점),새마을식당 판교점,돼지고기구이,13494) 경기도 성남시 분당구 대왕판교로 670 (삼평동) 215호,경기 성남시 분당구 대왕판교로 670 2층 새마을식당 숯불구이전문점,https://ldb-phinf.pstatic.net/20260522_114/1779429773575XfTNA_JPEG/%BB%F5%B8%B6%C0%BB%BD%C4%B4%E7_%C5%C2%BA%ED%B8%B4_%B8%DE%B4%BA%C0%CC%B9%CC%C1%F6_800x600px_%BF%AD%C5%BA%BA%D2%B0%ED%B1%E2%28%B1%E2%BA%BB%B8%C0%29.jpg,https://m.place.naver.com/place/31004528/menu/list
2013586609,20,여의도미나리삼겹(판교직영점),여의도미나리삼겹 판교직영점,돼지고기구이,13524) 경기도 성남시 분당구 대왕판교로606번길 45 (삼평동) 2층 205호,경기 성남시 분당구 대왕판교로606번길 45 2층 205호,https://ldb-phinf.pstatic.net/20251130_67/1764504796614vA8lf_JPEG/KakaoTalk_20251130_205505866_03.jpg,https://m.place.naver.com/place/2013586609/menu/list
36603388,267,오너쉐프,오너쉐프 판교점,돼지고기구이,463400) 경기도 성남시 분당구 대왕판교로 670 .B111호 유스페이스2,경기 성남시 분당구 대왕판교로 670 유스페이스2 지하1층,https://ldb-phinf.pstatic.net/20230314_54/1678795963295rvVEQ_JPEG/20221125_194151.jpg,https://m.place.naver.com/place/36603388/menu/list
1325392813,329,원조부안집(판교직영점),원조부안집 판교직영점,돼지고기구이,13494) 경기도 성남시 분당구 대왕판교로 660 (삼평동) 2층 214호,경기 성남시 분당구 대왕판교로 660 유스페이스1 A동 214호,https://ldb-phinf.pstatic.net/20230628_203/1687924392835YxOoX_JPEG/KakaoTalk_20230523_105201662_01.jpg,https://m.place.naver.com/place/1325392813/menu/list
1289073820,112,일로집(판교직영점),일로집 판교직영점,돼지고기구이,"13524) 경기 성남시 분당구 판교역로192번길 14-1, 1층 105호 (삼평동, 판교예미지)",경기 성남시 분당구 판교역로192번길 14-1 판교예미지 1층 105호 일로집 판교직영점,https://ldb-phinf.pstatic.net/20240417_170/1713339783660In16k_JPEG/%C1%A6%B8%F1%C0%BB-%C0%D4%B7%C2%C7%D8%C1%D6%BC%BC%BF%E4_-001.jpg,https://m.place.naver.com/place/1289073820/menu/list
1593577547,4,화포식당(판교점),화포식당 판교점,돼지고기구이,13494) 경기도 성남시 분당구 대왕판교로 660 (삼평동) 2층 240호,경기 성남시 분당구 대왕판교로 660 2층 240호,https://ldb-phinf.pstatic.net/20211203_204/1638516536075JUli0_JPEG/33.jpg,https://m.place.naver.com/place/1593577547/menu/list
1892494826,214,마라공방(판교점),마라공방 판교점,마라탕,13524) 경기도 성남시 분당구 판교역로192번길 12 2층 206호,경기 성남시 분당구 판교역로192번길 12 2층,https://ldb-phinf.pstatic.net/20191007_55/15704350222718ITfX_JPEG/peGJRLnq5Y3LsGu8enFbsqzI.jpg,https://m.place.naver.com/place/1892494826/menu/list
2046937147,157,더 타코부스 분당판교역점,더타코부스 분당판교역점,"멕시코,남미음식",13525) 경기도 성남시 분당구 대왕판교로606번길 58 (삼평동) 1층 65호,경기 성남시 분당구 대왕판교로606번길 58 판교푸르지오월드마크 1-65호,https://ldb-phinf.pstatic.net/20260108_184/1767834124506qMrlH_JPEG/%BF%C3%B9%CC%C6%AE_%C6%C4%C8%F7%C5%B8_%BA%ED%B7%A2_%C6%BC%BF%C0%B4%F5.jpg,https://m.place.naver.com/place/2046937147/menu/list
1273523273,286,베어스타코(판교점)_KIOSK,베어스타코 판교점,"멕시코,남미음식",13494) 경기 성남시 분당구 판교역로 231 B1층 B116호,경기 성남시 분당구 판교역로 231 에스동 지하 1층 116호,https://ldb-phinf.pstatic.net/20221227_247/1672147073461sVlYg_JPEG/985EEC6B-A6DA-419D-BF8E-62F33A9E9436.jpeg,https://m.place.naver.com/place/1273523273/menu/list
2034609334,59,엘까르니따스(판교점),엘까르니따스 판교점,"멕시코,남미음식","13530) 경기도 성남시 분당구 판교역로 145 (백현동, 알파리움2단지) 라스트리트 2동 2층",경기 성남시 분당구 판교역로 145 알파리움타워 2동 2층 223호,https://ldb-phinf.pstatic.net/20260605_117/1780628236425ai402_JPEG/IMG_9265.jpg,https://m.place.naver.com/place/2034609334/menu/list
1193434429,246,현대백화점(판교점),이터스멕시칸 현대백화점 판교점,"멕시코,남미음식",13529) 경기도 성남시 분당구 판교역로146번길 20(백현동),경기 성남시 분당구 판교역로146번길 20 지하1층,https://ldb-phinf.pstatic.net/20230915_64/1694777659767QQ32C_JPEG/%C4%DE%BA%B8%C7%C3%B7%A1%C5%CD.jpg,https://m.place.naver.com/place/1193434429/menu/list
1525289234,172,쿠차라(판교카카오점),쿠차라 판교카카오점,"멕시코,남미음식",13529) 경기도 성남시 분당구 판교역로 166 카카오 1층9호,경기 성남시 분당구 판교역로 166 카카오아지트 1층,https://ldb-phinf.pstatic.net/20260129_197/1769661393762Qbz6Q_PNG/%BF%C3%B9%CC%C6%AE%C5%B8%C4%DA.png,https://m.place.naver.com/place/1525289234/menu/list
38484174,367,타코익스체인지_KIOSK,타코익스체인지,"멕시코,남미음식",13493) 경기 성남시 분당구 판교역로 240 지하1층 B122-1호 (삼환하이펙스A동),경기 성남시 분당구 판교역로 240 삼환하이펙스A동 지하1층 122-1호,https://ldb-phinf.pstatic.net/20250317_238/1742181253653PS5zW_JPEG/IMG_1569.jpeg,https://m.place.naver.com/place/38484174/menu/list
1625598346,209,불고기 온소반(판교본점),불고기 온소반 판교점,"백반,가정식",463400) 경기도 성남시 분당구 판교역로 240 삼환하이펙스A동 지하 105호,경기 성남시 분당구 판교역로 240 삼환하이펙스 A동 지하1층,https://ldb-phinf.pstatic.net/20241104_78/17307143025414jhgM_JPEG/%B8%B6%B4%C3%BC%D2%B0%A5%BA%F1%BB%EC%BA%D2%B0%ED%B1%E2.jpg,https://m.place.naver.com/place/1625598346/menu/list
1289308630,231,집밥맛있다,집밥맛있다,"백반,가정식","13494) 경기도 성남시 분당구 대왕판교로 660 지하1층 128-2호(삼평동, 유스페이스1)",경기 성남시 분당구 대왕판교로 660 지하1층 128-2호,https://ldb-phinf.pstatic.net/20251127_171/1764207265264UTV8R_JPEG/1000016276.jpg,https://m.place.naver.com/place/1289308630/menu/list
33510731,142,토속상황삼계탕,토속상황삼계탕,"백숙,삼계탕",13494) 경기도 성남시 분당구 대왕판교로 670 225호 유스페이스2,경기 성남시 분당구 대왕판교로 670 유스페이스2(동) 2층 225호,https://ldb-phinf.pstatic.net/20230622_249/1687419836359hbMVK_JPEG/20230607_182042.jpg,https://m.place.naver.com/place/33510731/menu/list
1755828328,130,판교한방삼계탕,판교한방삼계탕,"백숙,삼계탕","13529) 경기도 성남시 분당구 판교역로 152 지하1층 B1-7호 B1-8호(백현동, 알파돔타워)",경기 성남시 분당구 판교역로 152 알파돔타워 B1층 107호 판교한방삼계탕,https://ldb-phinf.pstatic.net/20240311_180/1710163421012uXbsz_JPEG/KakaoTalk_20240311_222311246.jpg,https://m.place.naver.com/place/1755828328/menu/list
1000106291,354,르 메콩,르메콩,베트남음식,"13494) 경기도 성남시 분당구 대왕판교로 670 (삼평동, 유스페이스2) B동 218호",경기 성남시 분당구 대왕판교로 670 유스페이스2 218호,https://ldb-phinf.pstatic.net/20240411_165/1712808078460kuGzp_JPEG/1000001444.jpg,https://m.place.naver.com/place/1000106291/menu/list
1883977562,173,마마문스(판교본점),마마문스 판교본점,베트남음식,"13530) 경기 성남시 분당구 판교역로 145 백현동, 알파리움2단지, 2층",경기 성남시 분당구 판교역로 145 라스트리트 2층 215호,,https://m.place.naver.com/place/1883977562/menu/list
35720048,77,반포식스(판교역점),반포식스 판교역점,베트남음식,13524) 경기도 성남시 분당구 판교역로192번길 12 (삼평동) 2층,경기 성남시 분당구 판교역로192번길 12 2층,https://ldb-phinf.pstatic.net/20240216_3/17080779311798diAc_PNG/%B9%DD%C6%F7%BD%C4%BD%BA_%BD%D2%B1%B9%BC%F6.png,https://m.place.naver.com/place/35720048/menu/list
1880930916,266,(주)엔바이콘 아시안퀴진똠,아시안퀴진 똠 판교점,베트남음식,13487) 경기 성남시 분당구 대왕판교로645번길 36 삼평동,경기 성남시 분당구 대왕판교로645번길 36 NS홈쇼핑별관 지하1층,https://ldb-phinf.pstatic.net/20260515_266/1778816189829hqgfX_JPEG/KakaoTalk_20260515_123524618_02.jpg,https://m.place.naver.com/place/1880930916/menu/list
1667443269,92,헤이준쌀국수 판교알파돔점,헤이준쌀국수 판교알파돔점,베트남음식,13529) 경기도 성남시 분당구 판교역로 152 2층 10호,경기 성남시 분당구 판교역로 152 알파돔타워 2층,https://ldb-phinf.pstatic.net/20221116_279/1668558958336UpgY2_JPEG/16_%B9%DD%BD%EA%BF%C0.jpg,https://m.place.naver.com/place/1667443269/menu/list
1777167474,122,홍호아(판교점)_KIOSK,홍호아 판교점,베트남음식,13494) 경기 성남시 분당구 판교역로 231 H스퀘어 S동 B1층 114호(삼평동),경기 성남시 분당구 판교역로 231 H스퀘어 S동 B1층 114호,https://ldb-phinf.pstatic.net/20231023_149/1698050858724TNyIo_JPEG/%BD%D2%B1%B9%BC%F6-%BE%E7%C1%F6%BD%D2%B1%B9%BC%F6.jpg,https://m.place.naver.com/place/1777167474/menu/list
2020039118,25,행복청국장보리밥,행복청국장보리밥,보리밥,"13493) 경기도 성남시 분당구 판교역로 240 (삼평동) 지하1층 B-101호(삼평동,삼환하이펙스A동)",경기 성남시 분당구 판교역로 240 지하1층 B-101호,https://ldb-phinf.pstatic.net/20251126_62/1764167421600Pjga9_JPEG/Screenshot_20251111_095016_Coupang_Eats%281%29.jpg,https://m.place.naver.com/place/2020039118/menu/list
38018569,299,현복집(판교점),현복집 판교점,복어요리,"13530) 경기 성남시 분당구 대왕판교로606번길 10 백현동, 알파리움1단지 2층",경기 성남시 분당구 대왕판교로606번길 10 알파리움타워 1동 2층,,https://m.place.naver.com/place/38018569/menu/list
33124222,203,고봉민김밥인(분당판교점),고봉민김밥인 분당판교점,분식,"13525) 경기도 성남시 분당구 대왕판교로606번길 58 1층 1-87호(삼평동, 판교푸르지오월드마크)",경기 성남시 분당구 대왕판교로606번길 58 판교푸르지오월드마크,https://ldb-phinf.pstatic.net/20260529_155/1780042130868Dcsem_JPEG/%B1%D7%B8%B0%B1%E8%B9%E4.jpg,https://m.place.naver.com/place/33124222/menu/list
1454815736,200,엽기떡볶이(동판교점)(오더),동대문엽기떡볶이 동판교점,분식,13524) 경기도 성남시 분당구 판교역로192번길 22(삼평동) 2층 204호,경기 성남시 분당구 판교역로192번길 22 효성해링턴타워 2층 204호 동대문엽기떡볶이,https://ldb-phinf.pstatic.net/20211102_265/16358407472737ORc6_PNG/ihgGZorYnlBBhIMmN2pn5UED.png,https://m.place.naver.com/place/1454815736/menu/list
1899169728,374,상아김밥(판교점),상아김밥 판교점,분식,13494) 경기도 성남시 분당구 판교역로 235 (삼평동) 1층,경기 성남시 분당구 판교역로 235 H스퀘어 N동 1층 116호,https://ldb-phinf.pstatic.net/20260513_186/1778652274749srabh_JPEG/IMG_1465.jpg,https://m.place.naver.com/place/1899169728/menu/list
1664765639,344,신전떡볶이(삼평점),신전떡볶이 삼평점,분식,"13525) 경기 성남시 분당구 대왕판교로606번길 58 삼평동, 판교푸르지오월드마크",경기 성남시 분당구 대왕판교로606번길 58 1층 101호,https://ldb-phinf.pstatic.net/20210903_222/1630653123273itjFE_JPEG/8EDJeN0_7haOC5NFD9SCBw3G.jpg,https://m.place.naver.com/place/1664765639/menu/list
1345768112,371,정직유부(판교점)_KIOSK,정직유부 판교점,분식,13524) 경기 성남시 분당구 대왕판교로606번길 31  1층 123호(삼평동),경기 성남시 분당구 대왕판교로606번길 31 1층 123호(삼평동),https://ldb-phinf.pstatic.net/20231201_120/1701388890533hkJlJ_JPEG/%BD%C3%B1%D7%B4%CF%C3%B38%C1%BE%B8%F0%B5%D2%BC%BC%C6%AE.jpg,https://m.place.naver.com/place/1345768112/menu/list
37853353,185,청년다방(판교테크노밸리점),청년다방 판교테크노밸리점,분식,"13494) 경기 성남시 분당구 대왕판교로 660, 2층 206호 삼평동, 유스페이스1",경기 성남시 분당구 대왕판교로 660 유스페이스1 A동 206호,https://ldb-phinf.pstatic.net/20160427_174/1461756230904JVi3U_GIF/e45247c8-477b-4c41-9bbc-2474475fa66a.gif,https://m.place.naver.com/place/37853353/menu/list
1073903416,234,토마토김밥 판교역점,토마토김밥 판교역점,분식,13529) 경기도 성남시 분당구 판교역로 136 지하2층,경기 성남시 분당구 판교역로 136 B2 2128호,https://ldb-phinf.pstatic.net/20250624_210/17507550592943xQY6_JPEG/%B4%F5%BA%ED%C4%A1%C1%EE%C1%D6%B8%D4%B9%E4_%B4%A9%B3%A2%28%B0%ED%BC%D2%29.jpg,https://m.place.naver.com/place/1073903416/menu/list
1128796253,88,그랑샌드,그랑샌드,샌드위치,13529) 경기도 성남시 분당구 판교역로 136 (백현동) 그린존  B1111호 (힐스테이트판교역),"경기 성남시 분당구 판교역로 136 B1111호 (백현동, 힐스테이트판교역)",https://ldb-phinf.pstatic.net/20250729_112/1753774173395KAdnq_JPEG/IMG_1051-EDIT.jpg,https://m.place.naver.com/place/1128796253/menu/list
1383469633,242,써브웨이(판교역점),써브웨이 판교역점,샌드위치,"13525) 경기도 성남시 분당구 대왕판교로606번길 58 (삼평동) 1층 1-02,03,45,46호",경기 성남시 분당구 대왕판교로606번길 58,https://ldb-phinf.pstatic.net/20260531_150/1780237509440IWbac_JPEG/%B3%D7%C0%CC%B9%F6_%BD%BA%B8%B6%C6%AE%C7%C3%B7%B9%C0%CC%BD%BA_%BD%BA%C5%D7%C0%CC%C5%A9%B8%D3%BD%AC%B7%EB.jpg,https://m.place.naver.com/place/1383469633/menu/list
1086988618,389,써브웨이(판교테크노밸리점),써브웨이 판교테크노밸리점,샌드위치,13494) 경기도 성남시 분당구 대왕판교로 670 (삼평동) 1층 119호,경기 성남시 분당구 대왕판교로 670 1층 119호,https://ldb-phinf.pstatic.net/20250401_64/1743470013072ITuJS_JPEG/1000074876.jpg,https://m.place.naver.com/place/1086988618/menu/list
1536092704,202,퀴즈노스(판교테크노밸리점),퀴즈노스 판교테크노밸리점,샌드위치,"13494) 경기도 성남시 분당구 대왕판교로 660 111호, 112호(삼평동, 유스페이스1)",경기 성남시 분당구 대왕판교로 660 111호/112호,https://ldb-phinf.pstatic.net/20240215_294/1707960378859pmjSb_JPEG/01.%BF%A1%B1%D7%B8%B6%BF%E4%C4%A5%B8%AE.jpg,https://m.place.naver.com/place/1536092704/menu/list
1809979146,318,테이블스푼컵스프,테이블스푼컵스프,샌드위치,"13494) 경기도 성남시 분당구 판교역로 231 1층 116호(삼평동, 에이치스퀘어에스동)",경기 성남시 분당구 판교역로 231 에이치스퀘어 에스동1층 116호,https://ldb-phinf.pstatic.net/20240927_73/1727427828757HR9R5_JPEG/KakaoTalk_20240927_175725003.jpg,https://m.place.naver.com/place/1809979146/menu/list
1265025465,387,늘푸른 생선구이,늘푸른 생선구이,생선구이,"13530) 경기도 성남시 분당구 판교역로 145 (백현동, 알파리움2단지) 1층",경기 성남시 분당구 판교역로 145 알파리움타워 2동 라스트리트 1층,https://ldb-phinf.pstatic.net/20250302_113/1740866110978E5smu_JPEG/GJF04328.jpg,https://m.place.naver.com/place/1265025465/menu/list
2064842836,400,제철생선,낚시꾼김춘복의도시어부 판교점,생선회,"13494) 경기도 성남시 분당구 대왕판교로 660 비동 4층 401호(삼평동, 유스페이스1)",경기 성남시 분당구 대왕판교로 660,https://ldb-phinf.pstatic.net/20260512_103/1778597643828U6j9q_JPEG/55062.jpg,https://m.place.naver.com/place/2064842836/menu/list
1289746436,16,대진도원참치,대진도원참치,생선회,"13524) 경기도 성남시 분당구 판교역로192번길 14-2 (삼평동) 2층 삼평동, 골드타워",경기 성남시 분당구 성남대로331번길 13 백궁프라자1 210호,https://ldb-phinf.pstatic.net/20251223_133/1766479275427ABHrb_PNG/%B4%EB%C1%F8%B5%B5%BF%F8%C2%FC%C4%A1_%2825%29.png,https://m.place.naver.com/place/1289746436/menu/list
1881618371,86,마케집,마케집 판교점,생선회,"13494) 경기도 성남시 분당구 대왕판교로 660 (삼평동) ,지하1층 B110~111호(삼평동, 유스페이스)",경기 성남시 분당구 대왕판교로 660 지하1층 B110~B111호,https://ldb-phinf.pstatic.net/20251030_195/1761815240801zQqrw_JPEG/KakaoTalk_20251030_180422985.jpg,https://m.place.naver.com/place/1881618371/menu/list
1740068270,252,이든활어,이든활어,생선회,"13494) 경기 성남시 분당구 대왕판교로 670 삼평동, 유스페이스2 220호",경기 성남시 분당구 대왕판교로 670 2층 220호,https://ldb-phinf.pstatic.net/20221227_289/1672113697771oklnb_JPEG/SNOW_20211210_170843_368.jpg,https://m.place.naver.com/place/1740068270/menu/list
1187143647,126,자연횟집(판교점),자연횟집,생선회,"13494) 경기도 성남시 분당구 판교역로 235, 1층 삼평동, 에이치스퀘어 엔동",경기 성남시 분당구 판교역로 235 H스퀘어 N동 123호,https://ldb-phinf.pstatic.net/20240529_289/1716915142710BsVX5_JPEG/Snapseed_18.jpg,https://m.place.naver.com/place/1187143647/menu/list
1596023803,152,샤브촌by계백집(판교점),샤브촌by계백집 판교점,샤브샤브,"13530) 경기도 성남시 분당구 대왕판교로606번길 10 (백현동, 알파리움1단지) 217~218호(백현동, 알파리움 제타워1동)",경기 성남시 분당구 대왕판교로606번길 10 알파리움 라스트리트 1단지 2층,https://ldb-phinf.pstatic.net/20230404_155/16805658237512MYlz_JPEG/%B2%C9%BB%EF%C7%D5.JPG,https://m.place.naver.com/place/1596023803/menu/list
1609949246,83,옥소반(판교역점),옥소반 판교역점,샤브샤브,"13525) 경기도 성남시 분당구 대왕판교로606번길 58 1층 1-80, 1-81호","경기 성남시 분당구 대왕판교로606번길 58 1층 1-80, 1-81호",https://ldb-phinf.pstatic.net/20250507_258/1746592389412Yd3rN_JPEG/%BB%FE%BA%EA%BB%FE%BA%EA1.jpg,https://m.place.naver.com/place/1609949246/menu/list
35887181,362,채선당플러스(판교역점),채선당 플러스 판교역점,샤브샤브,"13524) 경기도 성남시 분당구 대왕판교로606번길 47 (삼평동) 301호(삼평동,SG타워 3층)",경기 성남시 분당구 대왕판교로606번길 47 SG리슈빌 3층,https://ldb-phinf.pstatic.net/20180115_41/1516004352512f7ye1_PNG/TPGjbn-ww4A3fLchHNjicV-1.png,https://m.place.naver.com/place/35887181/menu/list
1611851503,349,우몽(판교점),우몽 판교본점,소고기구이,"13524) 경기도 성남시 분당구 판교역로192번길 12, 2층 204호",경기 성남시 분당구 판교역로192번길 12 판교미래에셋센터 2층 204호,https://ldb-phinf.pstatic.net/20260510_270/1778406742860jBPsm_JPEG/1778406443326.jpg,https://m.place.naver.com/place/1611851503/menu/list
1718614596,133,차고145,차고145,소고기구이,"13530) 경기 성남시 분당구 판교역로 145 백현동, 알파리움2단지 1층 108호",경기 성남시 분당구 판교역로 145 라스트리트 알파리움 2동 108호,https://ldb-phinf.pstatic.net/20250310_105/1741606045189i0iVg_JPEG/25.0310_%C2%F7%B0%ED145-13.jpg,https://m.place.naver.com/place/1718614596/menu/list
1345379282,238,고향옥얼큰순대국(삼평점),고향옥얼큰순대국 삼평점,"순대,순댓국","13494) 경기도 성남시 분당구 판교역로 235 1층 112호(삼평동, H스퀘어 N동)","경기 성남시 분당구 판교역로 235 1층 112호, 112-1호",https://ldb-phinf.pstatic.net/20230717_44/16895785174781Rfe5_JPEG/%BE%F3%C5%AB%BC%F8%B4%EB%B1%B9.jpg,https://m.place.naver.com/place/1345379282/menu/list
37889563,311,미쁜선순대,미쁜 선순대,"순대,순댓국","13493) 경기도 성남시 분당구 판교역로 240 삼평동, 삼환하이펙스A동",경기 성남시 분당구 판교역로 240 삼환하이펙스A동 1층 125호,https://ldb-phinf.pstatic.net/20241213_243/1734071894702HSdaw_JPEG/%BC%F8%B4%EB%B1%B9.jpeg,https://m.place.naver.com/place/37889563/menu/list
2094658394,18,정백선순대(판교역점),정백선순대 판교역점,"순대,순댓국",13525) 경기도 성남시 분당구 대왕판교로606번길 58 (삼평동) 1층 1-67호,경기 성남시 분당구 대왕판교로606번길 58 1층 1-67호,https://ldb-phinf.pstatic.net/20260126_92/1769408702725Py6hs_JPEG/%C1%A4%B9%E9%BC%B1%BC%F8%B4%EB.jpg,https://m.place.naver.com/place/2094658394/menu/list
1111370028,109,람바다,람바다,"아귀찜,해물찜","13524) 경기 성남시 분당구 판교역로 184 2층, 202호 (삼평동 JS타워)",경기 성남시 분당구 판교역로 184 Js타워 2층 람바다,,https://m.place.naver.com/place/1111370028/menu/list
1959721433,290,탄탄면공방(A동)_KIOSK,탄탄면공방 판교테크노밸리점,아시아음식,13493) 경기도 성남시 분당구 판교역로 240 A동 121호,경기 성남시 분당구 판교역로 240 삼환하이펙스 A동 121호,https://ldb-phinf.pstatic.net/20240416_286/171322502151312oEp_JPEG/_2-%BC%BC%C6%AE%B8%DE%B4%BA-2%C0%CE-%C5%BA%C5%BA%BC%BC%C6%AE%28%C5%BA%C5%BA%B8%E92%2B%BB%E7%C0%CC%B5%E5%BB%F9%C7%C3%B7%AF%29_%A1%DA.jpg,https://m.place.naver.com/place/1959721433/menu/list
1873196958,241,왕징양다리양꼬치(판교직영점),판교왕징양다리양꼬치식당,양꼬치,"13530) 경기도 성남시 분당구 대왕판교로606번길 10 205호, 206호","경기 성남시 분당구 대왕판교로606번길 10 205호, 206호",https://ldb-phinf.pstatic.net/20260420_92/1776662722123nyq6F_PNG/Gemini_Generated_Image_sid72gsid72gsid7.png,https://m.place.naver.com/place/1873196958/menu/list
1474129285,76,계란집_QR,계란집,양식,"13493) 경기도 성남시 분당구 판교역로 230 (삼평동) , B동 지하1층 B-107호(삼평동,삼환하이펙스)",경기 성남시 분당구 판교역로 230 B동 지하1층 B-107호,https://ldb-phinf.pstatic.net/20210227_245/1614410332129Tj445_JPEG/z51JvfJRxZ21ieRBrj9Pb6HK.jpg,https://m.place.naver.com/place/1474129285/menu/list
1206680968,261,구우트,구우트,양식,"13494) 경기도 성남시 분당구 대왕판교로 670 지하1층, B109~110호(삼평동, 유스페이스2)","경기 성남시 분당구 대왕판교로 670 유스페이스2 A동 지하1층, 건물 밖",https://ldb-phinf.pstatic.net/20260121_171/1768971653582Xh4mR_JPEG/IMG_4196.jpeg,https://m.place.naver.com/place/1206680968/menu/list
1551303071,301,까사논나,까사논나,양식,13494) 경기도 성남시 분당구 대왕판교로 660 유스페이스1 A동 132호,경기 성남시 분당구 대왕판교로 660 유스페이스1 A동 1층 까사논나,https://ldb-phinf.pstatic.net/20250320_200/1742464125255oUz0H_JPEG/1000007546.jpg,https://m.place.naver.com/place/1551303071/menu/list
1559613992,3,노바,노바,양식,13530) 경기 성남시 분당구 판교역로 145 타워2동 1층 117호,경기 성남시 분당구 판교역로 145 알파리움타워2동 1층 117호,https://ldb-phinf.pstatic.net/20260406_284/1775464843277lTrla_JPEG/IMG_9845.jpeg,https://m.place.naver.com/place/1559613992/menu/list
36543254,270,라디오베이(판교점),라디오베이 판교점,양식,"13524) 경기 성남시 분당구 판교역로192번길 12 삼평동, 판교미래에셋센터 2층일부",경기 성남시 분당구 판교역로192번길 12 판교미래에셋센터 2층,https://ldb-phinf.pstatic.net/20260601_60/1780267036523efuLe_JPEG/1000039737.jpg,https://m.place.naver.com/place/36543254/menu/list
67583508,320,(주)엔바이콘 비스트로바이콘,비스트로바이콘 판교점,양식,13487) 경기 성남시 분당구 대왕판교로645번길 36 삼평동 엔에스복합건축물 1층,경기 성남시 분당구 대왕판교로645번길 36 1층,https://ldb-phinf.pstatic.net/20250312_187/1741766646277AAtjv_JPEG/%C5%F5%BF%F2%B9%D9%C6%C4%BD%BA%C5%B8.jpg,https://m.place.naver.com/place/67583508/menu/list
38309897,355,빈티지1988,빈티지1988,양식,13494) 경기도 성남시 분당구 판교역로 231 101호 에이치스퀘어 에스동,경기 성남시 분당구 판교역로 231 에이치스퀘어 에스동 101호 빈티지1988,https://ldb-phinf.pstatic.net/20260216_22/1771207445319eqo3p_JPEG/1762906568867.jpg,https://m.place.naver.com/place/38309897/menu/list
1690703651,160,카페소시올로지,카페소시올로지,양식,"13530) 경기도 성남시 분당구 판교역로 145 (백현동, 알파리움2단지) 알파리움2타워 1층 104호",경기 성남시 분당구 판교역로 145 라스트리트 1층 104호,https://ldb-phinf.pstatic.net/20230315_93/1678886114498czJDu_JPEG/IMG_5273.jpg,https://m.place.naver.com/place/1690703651/menu/list
35338025,275,매일식당,판교매일식당 본점,양식,"13524) 경기 성남시 분당구 판교역로192번길 14-2 삼평동, 골드타워, 1층",경기 성남시 분당구 판교역로192번길 14-2,https://ldb-phinf.pstatic.net/20251021_38/1761035653935tQgsK_JPEG/%BA%EA%B8%AE%C4%A1%C1%EE%B1%B8%C0%CC.jpg,https://m.place.naver.com/place/35338025/menu/list
1309961192,149,헤비스테이크(판교테크노밸리점),헤비스테이크 판교테크노밸리점,양식,"13494) 경기 성남시 분당구 판교역로 231, 1층 107호 삼평동, 에이치스퀘어 에스동",경기 성남시 분당구 판교역로 231 에이치스퀘어 에스동 107호,https://ldb-phinf.pstatic.net/20250418_285/17449374505027Uply_JPEG/%BA%F1%C7%C1%BD%BA%C5%D7%C0%CC%C5%A9.jpg,https://m.place.naver.com/place/1309961192/menu/list
31794058,333,군산오징어(판교테크노밸리점),군산오징어 판교테크노벨리점,오징어요리,"13494) 경기 성남시 분당구 대왕판교로 660, A동 320호 (삼평동, 유스페이스1)",경기 성남시 분당구 대왕판교로 660 유스페이스1 310호,,https://m.place.naver.com/place/31794058/menu/list
1934188515,210,맞닿음(판교점),맞닿음 판교점,요리주점,463400) 경기도 성남시 분당구 대왕판교로 670,경기 성남시 분당구 대왕판교로 670 유스페이스2 B108호,https://ldb-phinf.pstatic.net/20230202_83/1675323842391N1G5h_JPEG/%B0%F5%BC%DC%BE%EE%B9%AC%C5%C1_1.jpg,https://m.place.naver.com/place/1934188515/menu/list
2002229718,58,우슴(판교점),우슴 판교점,요리주점,"13524) 경기도 성남시 분당구 대왕판교로606번길 31 (삼평동) 105,106,107호",경기 성남시 분당구 대왕판교로606번길 31 1층 우슴,https://ldb-phinf.pstatic.net/20250808_65/17546378944998yo9E_JPEG/%BF%EC%BD%BF1362.JPG,https://m.place.naver.com/place/2002229718/menu/list
1796267139,1,해미옥,해미옥 판교본점,요리주점,13524) 경기도 성남시 분당구 대왕판교로606번길 41 (삼평동) 지하 1층 B02호,경기 성남시 분당구 대왕판교로606번길 41 지하 1층 B01호,https://ldb-phinf.pstatic.net/20240919_256/1726743488975cw2SW_JPEG/KakaoTalk_Photo_2024-09-19-19-53-40_009.jpeg,https://m.place.naver.com/place/1796267139/menu/list
279607124,248,(주)엔바이콘 교소바,교소바,"우동,소바",13487) 경기도 성남시 분당구 대왕판교로645번길 36 NS홈쇼핑 지하1층,경기 성남시 분당구 대왕판교로645번길 36 NS별관 B1,https://ldb-phinf.pstatic.net/20220907_108/1662545736026ikOVr_JPEG/%C5%A9%B1%E2%BA%AF%C8%AF%C1%EA%BF%CD%B8%AE%BC%D2%B9%D9.jpg,https://m.place.naver.com/place/279607124/menu/list
1397452679,114,역전우동0410(판교역점),역전우동0410 판교역점,"우동,소바",13524) 경기 성남시 분당구 대왕판교로606번길 31 1층 102호(삼평동),경기 성남시 분당구 대왕판교로606번길 31 102호,https://ldb-phinf.pstatic.net/20250210_2/173914967387821zbV_PNG/%BF%AA%C0%FC%B5%B7%B1%EE%BD%BA.png,https://m.place.naver.com/place/1397452679/menu/list
2080469195,6,일월의 제면소(판교점),일월의제면소 판교,"우동,소바",13524) 경기도 성남시 분당구 판교역로192번길 14-2 (삼평동) 골드타워 117,경기 성남시 분당구 판교역로192번길 14-2 1층 일월의제면소,https://ldb-phinf.pstatic.net/20260301_39/1772368081415dC45A_JPEG/%B8%ED%B6%F5%B5%E9%B1%E2%B8%A7.jpg,https://m.place.naver.com/place/2080469195/menu/list
1327666247,7,양문(판교점),남영동양문 판교점,"육류,고기요리","13494) 경기도 성남시 분당구 대왕판교로 660 (삼평동) 2층 235호(삼평동, 유스페이스1)",경기 성남시 분당구 대왕판교로 660 2층 235호,https://ldb-phinf.pstatic.net/20251203_48/1764745227693OjLzj_JPEG/%B4%D9%BF%EE%B7%CE%B5%E5_%282%29.jpg,https://m.place.naver.com/place/1327666247/menu/list
2051147752,67,돈몽,돈몽 판교직영점,"육류,고기요리","13530) 경기도 성남시 분당구 판교역로 145 (백현동, 알파리움2단지) 타워2동 106호, 107호","경기 성남시 분당구 판교역로 145 타워2동 106호, 107호",https://ldb-phinf.pstatic.net/20250709_189/1752033565706wKA4n_JPEG/IMG_8009.jpeg,https://m.place.naver.com/place/2051147752/menu/list
1238642457,71,돈블랑(판교점),돈블랑 판교점,"육류,고기요리","13530) 경기도 성남시 분당구 대왕판교로606번길 10 (백현동, 알파리움1단지) 1층",경기 성남시 분당구 대왕판교로606번길 10,https://ldb-phinf.pstatic.net/20200608_18/1591607046732S7z3i_JPEG/91UT_vw-Mv5I0rGfuJmNnqt_.jpg,https://m.place.naver.com/place/1238642457/menu/list
35209429,381,됐소(판교점),됐소 판교점,"육류,고기요리","13494) 경기도 성남시 분당구 대왕판교로 670 (삼평동, 유스페이스2지하1층비101호)",경기 성남시 분당구 대왕판교로 670 유스페이스2 A동 B101호,https://ldb-phinf.pstatic.net/20230308_161/1678265289461n6D0b_JPEG/20230308_174718.jpg,https://m.place.naver.com/place/35209429/menu/list
1497736880,358,방이옥(판교점),방이옥 판교점,"육류,고기요리",13494) 경기도 성남시 분당구 대왕판교로 660 (삼평동) A동 209-4호 방이옥,경기 성남시 분당구 대왕판교로 660 (유스페이스1) A동 2층,https://ldb-phinf.pstatic.net/20241019_101/1729315563261AOCyD_JPEG/KakaoTalk_20241017_093900408.jpg,https://m.place.naver.com/place/1497736880/menu/list
1900625829,113,삼산회관(판교유스페이스점),삼산회관 판교유스페이스점,"육류,고기요리","13494) 경기 성남시 분당구 대왕판교로 660, 지하1층 삼평동, 유스페이스1",경기 성남시 분당구 대왕판교로 660 유스페이스1 A동 지하1층 B108호,https://ldb-phinf.pstatic.net/20220722_246/1658459910670Wencf_JPEG/a0P2A5850--------------.jpg,https://m.place.naver.com/place/1900625829/menu/list
2011027752,23,삼평상회,삼평상회,"육류,고기요리",13494) 경기도 성남시 분당구 판교역로 231 (삼평동) 지하 1층,경기 성남시 분당구 판교역로 231 H스퀘어 에스동 B115호,https://ldb-phinf.pstatic.net/20251125_63/1764067188094PtRqA_JPEG/KakaoTalk_Photo_2025-11-25-19-29-29_014.jpeg,https://m.place.naver.com/place/2011027752/menu/list
37797830,108,송추가마골인어반(판교점),송추가마골 인어반 판교점,"육류,고기요리","13530) 경기 성남시 분당구 판교역로 145 백현동, 알파리움2단지",경기 성남시 분당구 판교역로 145 알파리움 라스트리트 2동 2층 송추가마골 인어반,https://ldb-phinf.pstatic.net/20240322_12/1711074194835PyA31_JPEG/%C1%A4%BD%C4_%B3%D7%C0%CC%B9%F6.jpg,https://m.place.naver.com/place/37797830/menu/list
1295907888,260,우몽블랙,우몽블랙 판교점,"육류,고기요리","13530) 경기도 성남시 분당구 판교역로 145 (백현동, 알파리움2단지) 2동 1층 111호, 112호","경기 성남시 분당구 판교역로 145 라스트리트 알파리움타워 2동 111호,112호",https://ldb-phinf.pstatic.net/20250408_6/1744096499852DgC8s_JPEG/IMG_2371.jpeg,https://m.place.naver.com/place/1295907888/menu/list
1524160577,353,이황식당2,이황식당2,"육류,고기요리",13494) 경기 성남시 분당구 대왕판교로670 제지1층 제비 105호,경기 성남시 분당구 대왕판교로 670 유스페이스2 지하1층 105호,,https://m.place.naver.com/place/1524160577/menu/list
2028422742,14,제주 하르방 숯불구이,제주하르방숯불구이,"육류,고기요리",13494) 경기도 성남시 분당구 대왕판교로 660 (삼평동) 2층,경기 성남시 분당구 대왕판교로 660 2층 238호,,https://m.place.naver.com/place/2028422742/menu/list
36727961,10,조재벌식당,조재벌식당 판교점,"육류,고기요리",13494) 경기도 성남시 분당구 대왕판교로 670 (삼평동) 2층 224호,경기 성남시 분당구 대왕판교로 670 유스페이스2 2층 224호,,https://m.place.naver.com/place/36727961/menu/list
2014693744,56,판교육담,판교육담,"육류,고기요리","13530) 경기도 성남시 분당구 대왕판교로606번길 10 (백현동, 알파리움1단지)  1층 105호, 106호","경기 성남시 분당구 대왕판교로606번길 10 1층 105호, 106호",https://ldb-phinf.pstatic.net/20250820_201/1755654311877aR4K4_JPEG/1755480872376.jpg,https://m.place.naver.com/place/2014693744/menu/list
953179000,274,(주)엔바이콘 하이포크,하이포크 판교점,"육류,고기요리",13487) 경기도 성남시 분당구 대왕판교로645번길 36,경기 성남시 분당구 대왕판교로645번길 36 ns홈쇼핑 별관 지하1층,https://ldb-phinf.pstatic.net/20240731_196/1722419059140txUaA_JPEG/%C5%A9%B1%E2%BA%AF%C8%AF%B8%F0%B5%D2%C7%D1%C6%C7.jpg,https://m.place.naver.com/place/953179000/menu/list
1105115941,317,해가옥,해가옥 프리미엄 족발&보쌈,"육류,고기요리","13525) 경기도 성남시 분당구 대왕판교로606번길58 1-78, 1-79호(삼평동, 판교푸르지오월드마크)","경기 성남시 분당구 대왕판교로606번길 58 1-78호, 1-79호",https://ldb-phinf.pstatic.net/20240601_7/1717209039398IPg6G_PNG/IMG_2050.png,https://m.place.naver.com/place/1105115941/menu/list
1947840094,97,행복한집숯불갈비,행복한집숯불갈비,"육류,고기요리",13494) 경기도 성남시 분당구 대왕판교로 670 2층 205호(삼평동),경기 성남시 분당구 대왕판교로 670 A동 2층 205호,,https://m.place.naver.com/place/1947840094/menu/list
1758804727,390,이자카야 단,단,이자카야,13494) 경기도 성남시 분당구 대왕판교로 660 (삼평동) 1층,경기 성남시 분당구 대왕판교로 660 유스페이스1 B동 160호,https://ldb-phinf.pstatic.net/20250206_153/1738811598494HBBES_JPEG/27%B0%A1%C0%CC%BC%BE%B5%BF.jpeg,https://m.place.naver.com/place/1758804727/menu/list
1540029547,164,아이가사,아이가사,이자카야,13524) 경기도 성남시 분당구 판교역로192번길 22 (삼평동) 118호 아이가사,경기 성남시 분당구 판교역로192번길 22 1층 118호,https://ldb-phinf.pstatic.net/20240728_8/1722174464913aez7I_JPEG/%BE%C6%C0%CC%B0%A1%BB%E7_%C3%D4%BF%B5%BA%BB14.jpg,https://m.place.naver.com/place/1540029547/menu/list
1414093460,391,토리키치(판교점),토리키치 분당정자점,이자카야,"13494) 경기도 성남시 분당구 대왕판교로 660 (삼평동) 2층 213호(삼평동,유스페이스1)","경기 성남시 분당구 정자일로 120 1층 117호, 118호",https://ldb-phinf.pstatic.net/20230918_235/1694995899536rFcjm_PNG/%BD%BA%C5%A9%B8%B0%BC%A6_2023-09-18_%BF%C0%C0%FC_9.11.07.png,https://m.place.naver.com/place/1414093460/menu/list
37895667,104,매드포갈릭 (판교라스트리트점),매드포갈릭 판교라스트리트점,이탈리아음식,"13530) 경기도 성남시 분당구 대왕판교로606번길 10 백현동, 알파리움1단지, 2층",경기 성남시 분당구 대왕판교로606번길 10 라스트리트 1동 2층,https://ldb-phinf.pstatic.net/20260417_129/1776384750850u6gGw_PNG/%B1%D7%B8%B21.png,https://m.place.naver.com/place/37895667/menu/list
37928792,227,살레르노(판교점),살레르노 판교점,이탈리아음식,"13306) 경기도 성남시 분당구 판교역로 145, 라스트리트 2동 2층",경기 성남시 분당구 판교역로 145 라스트리트 2동 2층,https://ldb-phinf.pstatic.net/20260223_245/1771840508949sGcLu_JPEG/%BA%AF%C8%AF%29DSC00208_%BA%B9%BB%E7.jpg,https://m.place.naver.com/place/37928792/menu/list
21791082,138,울프스덴,울프스덴,이탈리아음식,13494) 경기도 성남시 분당구 대왕판교로 660 215호 유스페이스1,경기 성남시 분당구 대왕판교로 660 유스페이스1 제 215호 울프스덴,https://ldb-phinf.pstatic.net/20180219_119/1519011746116UymnF_JPEG/akCLdTPS-tiUoAfP_Yc00xb8.JPG.jpg,https://m.place.naver.com/place/21791082/menu/list
32791279,334,챠오바라이트(판교점),챠오바라이트 판교점,이탈리아음식,"13494) 경기 성남시 분당구 대왕판교로 660 삼평동, 유스페이스1 , 1층",경기 성남시 분당구 대왕판교로 660 유스페이스1 1층 125호 챠오바라이트,https://ldb-phinf.pstatic.net/20190702_177/1562056345456oOowB_JPEG/SJFcuv865-hw_JgTT0yxXxmP.JPG.jpg,https://m.place.naver.com/place/32791279/menu/list
1602580777,308,이황식당,이황식당,일본식라면,"13493) 경기도 성남시 분당구 판교역로 230, B동 1층 104호 삼평동, 삼환하이펙스",경기 성남시 분당구 판교역로 230 삼환하이펙스 B동 104호,https://ldb-phinf.pstatic.net/20200904_145/15992118603390Vacq_JPEG/OVnUUKOPdcBP92opBjM0LYNV.jpeg.jpg,https://m.place.naver.com/place/1602580777/menu/list
1842045578,148,코이라멘(판교점),코이라멘 분당판교점,일본식라면,"13493) 경기도 성남시 분당구 판교역로 230 B동 지하층 B113호(삼평동,삼환하이펙스)",경기 성남시 분당구 판교역로 230 삼환하이펙스 B동 지하층 B113호,https://ldb-phinf.pstatic.net/20250730_40/1753849988490MD9Pd_JPEG/%BF%C0%B8%AE%C1%F6%B3%AF.jpg,https://m.place.naver.com/place/1842045578/menu/list
1551742227,366,판교면학,판교면학,일본식라면,13494) 경기도 성남시 분당구 대왕판교로 670 (삼평동) 유스페이스2 A동 103호,경기 성남시 분당구 대왕판교로 670 유스페이스2 A동 103호,https://ldb-phinf.pstatic.net/20231019_179/1697644730070XWLqB_JPEG/%B9%E9%B8%E9.jpg,https://m.place.naver.com/place/1551742227/menu/list
57241613,144,(주)엔바이콘 혼키라멘,혼키라멘,일본식라면,13487) 경기도 성남시 분당구 대왕판교로645번길 36,경기 성남시 분당구 대왕판교로645번길 36 B1층,https://ldb-phinf.pstatic.net/20240119_7/1705624557693YC38L_JPEG/%C5%A9%B1%E2%BA%AF%C8%AF01.13-0038.jpg,https://m.place.naver.com/place/57241613/menu/list
1068089308,135,배키욘방(판교직영점)_KIOSK,배키욘방,일식당,"13530) 경기 성남시 분당구 대왕판교로606번길 10 1층 129호, 130호, 131호 알파리움1단지",서울 송파구 올림픽로32길 22-23 1층,https://ldb-phinf.pstatic.net/20211006_260/16335089191407KrJ0_JPEG/2w973NCyuGx3dlGbiQmENS_9.jpg,https://m.place.naver.com/place/1068089308/menu/list
1874276871,123,백소정(판교점),백소정 판교점,일식당,"13493) 경기도 성남시 분당구 판교역로 240 109, 110호(삼평동, 삼환하이펙스A동)","경기 성남시 분당구 판교역로 240 109,110호 백소정 판교점",https://ldb-phinf.pstatic.net/20251127_259/1764232390454BMWJb_JPEG/1_%B3%C3%BC%D2%B9%D9.jpg,https://m.place.naver.com/place/1874276871/menu/list
36459479,153,소바니우동,소바니우동,일식당,13494) 경기도 성남시 분당구 대왕판교로 660 (삼평동) 지하1층 b동122호,경기 성남시 분당구 대왕판교로 660 지하1층 122호,https://ldb-phinf.pstatic.net/20191205_46/1575550598098jBM96_JPEG/RF83niQL8FcH-PJYmKd9pl5p.JPG.jpg,https://m.place.naver.com/place/36459479/menu/list
2055152555,9,소해,소해,일식당,13494) 경기도 성남시 분당구 대왕판교로 660 (삼평동) 221호,"경기 성남시 분당구 대왕판교로 660 유스페이스1 B동, 221호",https://ldb-phinf.pstatic.net/20260226_60/1772091269092LfiHm_JPEG/%C8%F7%C2%EA%B8%B6%BA%CE%BD%C3_%B9%DD%B8%B6%B8%AE.jpg,https://m.place.naver.com/place/2055152555/menu/list
1712077677,178,스시집 막내아들,스시집막내아들 판교점,일식당,13529) 경기도 성남시 분당구 판교역로 136 백현동 1층 1037호(힐스테이트),경기 성남시 분당구 판교역로 136 1층 1037호,,https://m.place.naver.com/place/1712077677/menu/list
1985035310,287,양산도(판교점),양산도 판교점,일식당,"13525) 경기도 성남시 분당구 대왕판교로606번길 58 1층(삼평동, 판교푸르지오월드마크)",경기 성남시 분당구 대왕판교로606번길 58 판교푸르지오월드마크상가 1층 115호,https://ldb-phinf.pstatic.net/20230523_244/1684809148166Qakg4_JPEG/KakaoTalk_20230523_113155310_12.jpg,https://m.place.naver.com/place/1985035310/menu/list
1111119137,237,오니기리와이규동(판교테크노밸리점)_KIOSK,오니기리와이규동,일식당,"13494) 경기 성남시 분당구 판교역로 231 (삼평동, 에이치스퀘어 에스동) 지하 1층 B126호",서울 영등포구 경인로 846,,https://m.place.naver.com/place/1111119137/menu/list
1224444563,384,오이소,오이소,일식당,13493) 경기도 성남시 분당구 판교역로 230 (삼평동) 지하1층,"경기 성남시 분당구 판교역로 230 지하1층 B102호, B102-1호",https://ldb-phinf.pstatic.net/20240517_126/1715939123636ViMkL_JPEG/%C4%AB%C0%CC%BC%BE%B5%BF.jpg,https://m.place.naver.com/place/1224444563/menu/list
1257992992,321,우쿠야(유스페이스점),우쿠야,일식당,"13494) 경기도 성남시 분당구 대왕판교로 660 지하층 B107호(삼평동, 유스페이스1)",강원 양구군 양구읍 중앙길 15,,https://m.place.naver.com/place/1257992992/menu/list
1670403343,394,율 판교점,율 판교점,일식당,13494) 경기도 성남시 분당구 대왕판교로 660 (삼평동) b112호,경기 성남시 분당구 대왕판교로 660 지하1층 B112호,https://ldb-phinf.pstatic.net/20241106_298/1730876763466qvM25_JPEG/IMG_9297.jpeg,https://m.place.naver.com/place/1670403343/menu/list
226185221,240,일상화식,일상화식,일식당,13494) 경기도 성남시 분당구 대왕판교로 670 (삼평동) 2층 226호,경기 성남시 분당구 대왕판교로 670 유스페이스2 B동 2층 226호,https://ldb-phinf.pstatic.net/20240104_236/17043757095687FACg_JPEG/Screenshot_20240104_223206_Gallery.jpg,https://m.place.naver.com/place/226185221/menu/list
1374709669,257,차차식당,차차식당 판교,일식당,13493) 경기도 성남시 분당구 판교역로 240 지하1층 B-119-1호,경기 성남시 분당구 판교역로 240 삼환하이펙스 A동 지하1층 B-119-1호,https://ldb-phinf.pstatic.net/20260511_83/1778484100765z90Nr_JPEG/%C0%B0%C8%B8%BA%F1%BA%F6%B9%E4.jpg,https://m.place.naver.com/place/1374709669/menu/list
1820613338,398,카츠쇼쿠도우,카츠쇼쿠도우 판교본점,일식당,"13529) 경기도 성남시 분당구 판교역로 152 B1층 9호(백현동, 알파돔타워)",경기 성남시 분당구 판교역로 152 알파돔타워3 지하1층 9호,https://ldb-phinf.pstatic.net/20251220_97/1766202454368qR04Y_PNG/01._%C1%A4%BD%C42%C0%CE%BC%BC%C6%AE.png,https://m.place.naver.com/place/1820613338/menu/list
36509239,322,(주)파파스다이닝(고다이주방),파파노다이닝,일식당,13493) 경기도 성남시 분당구 판교역로 240 삼환하이펙스A동 102호,서울 서대문구 이화여대길 88-14,https://ldb-phinf.pstatic.net/20240125_68/1706134358596e3YOF_PNG/IMG_9548.png,https://m.place.naver.com/place/36509239/menu/list
1826119049,294,하루,하루,일식당,"13494) 경기도 성남시 분당구 판교역로 231 (삼평동) 제에스동 1층 131호(삼평동,에이치스퀘어 에스동)",경기 성남시 분당구 판교역로 231 h스퀘어 s동 1층 131호,https://ldb-phinf.pstatic.net/20210523_112/1621710414076XHz6k_JPEG/MSu7RU9Fjp141xrOkTfs0fm3.jpeg.jpg,https://m.place.naver.com/place/1826119049/menu/list
1164953099,204,하츠,하츠,일식당,"13530) 경기도 성남시 분당구 대왕판교로606번길 10 (백현동, 알파리움1단지) 상가동 1층 111호",경기 성남시 분당구 대왕판교로606번길 10 알파리움 라스트릿 상가1동 111호 하츠,https://ldb-phinf.pstatic.net/20241022_35/1729574118055PVs0g_PNG/20241022_133050.png,https://m.place.naver.com/place/1164953099/menu/list
2088388211,19,판교장어사랑(판교역점),판교장어사랑 판교역점,"장어,먹장어요리","13524) 경기도 성남시 분당구 대왕판교로606번길 39 (삼평동) 1층 103호, 104호","경기 성남시 분당구 대왕판교로606번길 39 1층 103호, 104호",https://ldb-phinf.pstatic.net/20260127_166/1769492775037uGcUx_PNG/KakaoTalk_Photo_2026-01-27-14-45-22.png,https://m.place.naver.com/place/2088388211/menu/list
35541810,170,풍천숯불재벌장어,풍천숯불재벌장어,"장어,먹장어요리",13494) 경기도 성남시 분당구 대왕판교로 660 유스페이스1 103-1호,경기 성남시 분당구 대왕판교로 660 판교 유스페이스 103호,https://ldb-phinf.pstatic.net/20180602_239/1527903357079c4bAh_JPEG/kRXL6UEC3S118zy1YRTK64kt.jpg,https://m.place.naver.com/place/35541810/menu/list
1244088313,208,월선네(판교역점),월선네 판교역점,"전통,민속주점","13524) 경기도 성남시 분당구 판교역로192번길 22 1층 105호(삼평동, 판교효성해링턴타워)",경기 성남시 분당구 판교역로192번길 22 1층 105호,https://ldb-phinf.pstatic.net/20240203_193/1706967544979bJIqT_JPEG/IMG_3542.jpeg,https://m.place.naver.com/place/1244088313/menu/list
1307153335,177,찌마기(판교역점),찌마기 판교역점,조개요리,"13530) 경기도 성남시 분당구 대왕판교로606번길 10 1층 139호(백현동, 알파리움1단지)",경기 성남시 분당구 대왕판교로606번길 10 라스트리트 상가 1층 139호,https://ldb-phinf.pstatic.net/20240116_96/1705368114424M8ydd_JPEG/%C1%B6%B0%B3%C2%F2_%B4%EB.jpg,https://m.place.naver.com/place/1307153335/menu/list
38781254,288,마왕족발(판교점),마왕족발 판교역점,"족발,보쌈","13524) 경기도 성남시 분당구 대왕판교로606번길 45 1층 101호 (삼평동, 판교역 푸르지오시티)",경기 성남시 분당구 대왕판교로606번길 45,https://ldb-phinf.pstatic.net/20220715_30/1657858313289A6cXW_JPEG/%B8%B6%BF%D5%C5%EB%B1%B8%C0%CC.jpg,https://m.place.naver.com/place/38781254/menu/list
1511864306,72,디엣테이블,디엣테이블,종합분식,13493) 경기도 성남시 분당구 판교역로 240 (삼평동) 지하 1층,경기 성남시 분당구 판교역로 240 삼환하이펙스 A동 지하1층 124호 디엣테이블,,https://m.place.naver.com/place/1511864306/menu/list
36977975,360,영심이떡볶이&김밥(판교2호점),영심이떡볶이&김밥판교2호점,종합분식,13524) 경기도 성남시 분당구 대왕판교로606번길 45 110호,경기 성남시 분당구 대왕판교로606번길 45 판교역 푸르지오시티,https://ldb-phinf.pstatic.net/20210805_244/1628155727444V8X32_JPEG/lLxG8uFWebLHh5-us0DhOqfo.jpeg.jpg,https://m.place.naver.com/place/36977975/menu/list
1048530390,96,본죽&비빔밥cafe(판교역점),본죽&비빔밥 판교역점,죽,13524) 경기도 성남시 분당구 대왕판교로606번길 31,경기 성남시 분당구 대왕판교로606번길 31 112호~114호,https://ldb-phinf.pstatic.net/20250917_214/1758116859155DovF5_PNG/2508_%BA%BB%C1%D7%C0%E5%C1%B6%B8%B2%B9%F6%C5%CD%BA%F1%BA%F6%B9%E4_%B3%D7%C0%CC%B9%F6_1000x1000.png,https://m.place.naver.com/place/1048530390/menu/list
525057397,315,동청담,동청담,중식당,"13524) 경기도 성남시 분당구 대왕판교로606번길 45 2층 206호(삼평동,판교역 푸르지오시티)",경기 성남시 분당구 대왕판교로606번길 45,,https://m.place.naver.com/place/525057397/menu/list
20311312,100,락앤웍,락앤웍,중식당,13494) 경기 성남시 분당구 판교역로 231 삼평동 에이치스퀘어 에스동 B107호,경기 성남시 분당구 판교역로 231 에이치스퀘어 에스동,https://ldb-phinf.pstatic.net/20230901_231/1693560487328p2KMa_JPEG/1693560471972.jpg,https://m.place.naver.com/place/20311312/menu/list
1509063821,8,리치앤,리치앤,중식당,"13494) 경기도 성남시 분당구 판교역로 231 (삼평동) ,1층 122호",경기 성남시 분당구 판교역로 231 H스퀘어 S동 1층122호,https://ldb-phinf.pstatic.net/20200818_143/1597717515237JFIw9_JPEG/yz-NSsfh9-a8gM11vPOj7STj.jpeg.jpg,https://m.place.naver.com/place/1509063821/menu/list
31174179,40,베이징스토리(판교점),베이징스토리,중식당,"13493) 경기도 성남시 분당구 판교역로 230 (삼평동) 1층 120-1, 121호",경기 성남시 분당구 판교역로 230,https://ldb-phinf.pstatic.net/20251113_270/1763027411296CndIz_JPEG/%B4%D9%BF%EE%B7%CE%B5%E5_%288%29.jpg,https://m.place.naver.com/place/31174179/menu/list
1457551180,131,신라마라탕(판교점),신라마라탕 판교점,중식당,"13494) 경기도 성남시 분당구 판교역로 231 삼평동, 에이치스퀘어 에스동",경기 성남시 분당구 판교역로 231 에이치스퀘어 S동B133호 신라마라탕,https://ldb-phinf.pstatic.net/20220217_49/1645084799483htUq6_JPEG/%B8%B6%B6%F3%C5%C1.jpg,https://m.place.naver.com/place/1457551180/menu/list
1975682558,326,쌍팔반점(동판교점)__QR,쌍팔반점 동판교점,중식당,"13525) 경기도 성남시 분당구 대왕판교로606번길 58 (삼평동) 1층 1-103호(상평동,판교푸르지오월드마크)",경기 성남시 분당구 대왕판교로606번길 58 1층 1-103호,https://ldb-phinf.pstatic.net/20250616_36/1750059749178smz63_JPEG/%C2%A5%C0%E5_%BD%D6%C6%C8%B0%ED%B1%E2%C2%A5%C0%E5.jpg,https://m.place.naver.com/place/1975682558/menu/list
1555619837,176,오한수 우육면가( 판교점),오한수 우육면가 판교점,중식당,13494) 경기도 성남시 분당구 판교역로 231 지하1층 B103호 (삼평동 에이치스퀘어 에스동),경기 성남시 분당구 판교역로 231 에이치스퀘어 에스동 지하 1층 B103호,https://ldb-phinf.pstatic.net/20260113_221/1768269911328NS294_PNG/1.%BF%EC%C0%B0%C5%C1.png,https://m.place.naver.com/place/1555619837/menu/list
1746231153,382,제이스팟,제이스팟,중식당,"13530) 경기도 성남시 분당구 판교역로 152, 알파돔타워3동 3층",경기 성남시 분당구 판교역로 152 알파돔타워3동 3층,https://ldb-phinf.pstatic.net/20240131_145/1706706230359UCjFD_JPEG/1000011949.jpeg,https://m.place.naver.com/place/1746231153/menu/list
1418632150,194,중경별곡마라탕샹궈_KIOSK,중경별곡마라탕상궈,중식당,"13494) 경기 성남시 분당구 대왕판교로 670  2층 222호(삼평동, 유스페이스2)",경기 성남시 분당구 대왕판교로 670 유스페이스2 2층 222호,https://ldb-phinf.pstatic.net/20210126_100/16116584174328LNGl_JPEG/0hJz1Ke7dbbjKiGKAz5TeXVg.jpg,https://m.place.naver.com/place/1418632150/menu/list
1153831976,81,차엔,차엔,중식당,"13494) 경기도 성남시 분당구 판교역로 235 (삼평동) N동 1층 126호(삼평동,에이치스퀘어)",경기 성남시 분당구 판교역로 235 에이치스퀘어 N동 126호,https://ldb-phinf.pstatic.net/20221105_66/1667647293050jQpPx_JPEG/1667646882283-1.jpg,https://m.place.naver.com/place/1153831976/menu/list
2090685363,75,차엔 프리미엄,차엔 프리미엄,중식당,"13494) 경기도 성남시 분당구 대왕판교로 660 (삼평동) 지하1층 비104,105호(삼평동,유스페이스1)","경기 성남시 분당구 대왕판교로 660 유스페이스1 지하1층 A동 104호, 105호",https://ldb-phinf.pstatic.net/20250914_3/17578129743402SPeg_JPEG/1757811432773.jpg,https://m.place.naver.com/place/2090685363/menu/list
1444510727,158,찬,찬,중식당,13494) 경기도 성남시 분당구 대왕판교로 660 (삼평동) B동 157호158호,"경기 성남시 분당구 대왕판교로 660 157,158호",https://ldb-phinf.pstatic.net/20250513_126/1747123119864Qm63x_JPEG/%C2%A5%C0%E5.jpg,https://m.place.naver.com/place/1444510727/menu/list
1133096736,30,페이딤(판교점),페이딤 판교점,중식당,13529) 경기도 성남시 분당구 판교역로 152 (백현동) 2층 9호,경기 성남시 분당구 판교역로 152 알파돔타워 2층,https://ldb-phinf.pstatic.net/20250514_168/1747209613222yQEuz_JPEG/qmffordhfl.jpg,https://m.place.naver.com/place/1133096736/menu/list
1576050573,182,하이보(판교점),하이보 판교점,중식당,"13524) 경기 성남시 분당구 판교역로192번길 14-1 삼평동, 판교예미지 2층",경기 성남시 분당구 판교역로192번길 14-1 판교예미지 2층,https://ldb-phinf.pstatic.net/20250109_176/17364077752315cg02_JPEG/%C2%A5%C0%E5%B8%E9.jpg,https://m.place.naver.com/place/1576050573/menu/list
1146075553,140,하파 (판교점),하파 판교점,중식당,"13530) 경기 성남시 분당구 판교역로 145 백현동, 알파리움2단지, 2층 204,205호",경기 성남시 분당구 판교역로 145 2층 204호,,https://m.place.naver.com/place/1146075553/menu/list
1384926409,118,김치도가(판교테크노밸리점),김치도가 판교점,"찌개,전골",13494) 경기도 성남시 분당구 판교역로 240 삼환하이펙스A동 B104,경기 성남시 분당구 판교역로 240 삼환하이펙스 A동 B104호,https://ldb-phinf.pstatic.net/20220206_33/1644149447089nTDMj_JPEG/Screenshot_20220206-210512.jpg,https://m.place.naver.com/place/1384926409/menu/list
1152105461,190,듬박이찌개(판교점),듬박이찌개 판교점,"찌개,전골",13494) 경기도 성남시 분당구 판교역로 231 (삼평동) 1층 128호,경기 성남시 분당구 판교역로 231 1층 128호,https://ldb-phinf.pstatic.net/20210609_221/1623215842270HeeTa_JPEG/48CNjvcZXTQMtSxnzmYoREZm.jpeg.jpg,https://m.place.naver.com/place/1152105461/menu/list
845606604,332,박가부대찌개(판교라스트리트점),박가부대 판교라스트리트점,"찌개,전골","13530) 경기 성남시 분당구 판교역로 145 백현동, 알파리움2단지, 2층",경기 성남시 분당구 판교역로 145 라스트리트 2동 210호,https://ldb-phinf.pstatic.net/20251031_48/1761876288400q3jwg_JPEG/2509_%BF%C0%B8%AE%C1%F6%B3%CE%BA%CE%B4%EB%C2%EE%B0%B3_%B4%DC%C7%B0_%BF%E4%B1%E2%BF%E4.jpg,https://m.place.naver.com/place/845606604/menu/list
33510845,245,서울전통육개장(판교하이펙스점),서울전통육개장 판교하이펙스점,"찌개,전골",13493) 경기 성남시 분당구 삼평동  678 삼환하이펙스A동 지하1층 108-1호( 판교역로 240) -,경기 성남시 분당구 판교역로 240 삼환하이펙스A동 지하1층 108-1호,,https://m.place.naver.com/place/33510845/menu/list
1624205565,346,이태리부대찌개(판교직영점),이태리부대찌개 판교점,"찌개,전골",13493) 경기도 성남시 분당구 판교역로 230,경기 성남시 분당구 판교역로 230 삼환하이펙스 제지1층 B동 B117-1호(삼평동),https://ldb-phinf.pstatic.net/20211230_139/1640838044701UkBir_JPEG/%BA%CE%B4%EB%C0%FC%B0%F12.jpg,https://m.place.naver.com/place/1624205565/menu/list
36170846,302,킹콩부대찌개(동판교점),킹콩부대찌개 동판교점,"찌개,전골",13493) 경기도 성남시 분당구 판교역로 240 A동 207호,경기 성남시 분당구 판교역로 240 A-207호,https://ldb-phinf.pstatic.net/20260428_51/17773645897892DJyz_JPEG/%BE%F3%C5%AB%BC%F8%B5%CE%BA%CE%B4%EB%C2%EE%B0%B3.jpg,https://m.place.naver.com/place/36170846/menu/list
1672168646,24,두찜(분당백현점),두찜 분당백현점,찜닭,13531) 경기도 성남시 분당구 판교역로 109 (백현동) 1층,경기 성남시 분당구 판교역로 109,https://ldb-phinf.pstatic.net/20251216_79/176587626940991qOe_JPEG/%B9%E8%B9%CE_%B8%C5%BF%EE%B0%A5%BA%F1%C2%F2%B4%DF_1280_960.jpg,https://m.place.naver.com/place/1672168646/menu/list
21573441,125,봉추찜닭(판교테크노밸리점),봉추찜닭 판교테크노밸리점,찜닭,"13494) 경기도 성남시 분당구 대왕판교로 670 (삼평동, 유스페이스2)  219호",경기 성남시 분당구 대왕판교로 670 2층 219호 봉추찜닭,https://ldb-phinf.pstatic.net/20231113_232/1699841152177UBdKk_JPEG/%BA%C0%C3%DF%C2%F2%B4%DF.jpg,https://m.place.naver.com/place/21573441/menu/list
747603315,279,스시가오(판교유스페이스점),스시가오,"초밥,롤","13494) 경기도 성남시 분당구 삼평동 대왕판교로 660 삼평동, 유스페이스1 B 121호",경기 성남시 분당구 판교로255번길 9-22 2층 203호,https://ldb-phinf.pstatic.net/20260401_50/1775018617358IT9E4_JPEG/1000052450.jpg,https://m.place.naver.com/place/747603315/menu/list
1874233406,297,오마카세오사이초밥(판교점),오마카세 오사이초밥 판교점,"초밥,롤","13524) 경기도 성남시 분당구 판교역로 180 1층 106호(삼평동, 알파타워)",경기 성남시 분당구 판교역로 180 알파타워 1층 106호,https://ldb-phinf.pstatic.net/20211227_119/1640586548746DoFBL_JPEG/KakaoTalk_20211130_145455701_27.jpg,https://m.place.naver.com/place/1874233406/menu/list
2016934447,44,뉴욕 전기구이,뉴욕전기구이,"치킨,닭강정",13493) 경기도 성남시 분당구 판교역로 240 (삼평동) 1층 122호,경기 성남시 분당구 판교역로 240 1층 122호,https://ldb-phinf.pstatic.net/20250926_23/17588810650972dyFI_JPEG/IMG_0586.jpeg,https://m.place.naver.com/place/2016934447/menu/list
1303984471,230,비비큐 판교테크노밸리점,BBQ치킨 판교테크노밸리점,"치킨,닭강정","13494) 경기도 성남시 분당구 판교역로 231 (삼평동, 에이치스퀘어 에스동) 121호 비비큐",경기 성남시 분당구 판교역로 231 S동 1층 121호,https://ldb-phinf.pstatic.net/20251010_173/1760068207864zu4OI_PNG/%BC%F6%C1%A4%B5%CA_%C4%A1%C1%EE%C4%A1%C5%B2_02.png,https://m.place.naver.com/place/1303984471/menu/list
21844981,102,엠에스생감자치킨_KIOSK,MS생감자치킨,"치킨,닭강정",12345) 경기도 성남시 분당구 판교역로 230 (삼평동) 삼환하이펙스B동 103호,경기 성남시 분당구 판교역로 230 삼환하이펙스 B동 103호,https://ldb-phinf.pstatic.net/20220105_232/1641347997219Dfoip_JPEG/DSC03274.JPG,https://m.place.naver.com/place/21844981/menu/list
1099442759,184,국수의진수,국수의진수,"칼국수,만두","13494) 경기도 성남시 분당구 대왕판교로 660 유스페이스1 (2지하1층,B123호)",경기 성남시 분당구 대왕판교로 660 유스페이스1 B동 B123호(지하1층),https://ldb-phinf.pstatic.net/20220425_225/16508672349957h6JN_JPEG/1650866286728.jpg,https://m.place.naver.com/place/1099442759/menu/list
1681194898,271,제비면가,제비면가 판교본점,"칼국수,만두","13493) 경기 성남시 분당구 판교역로 240 삼평동, 삼환하이펙스A동 지하1층 B114호",경기 성남시 분당구 판교역로 240 지하1층114호,,https://m.place.naver.com/place/1681194898/menu/list
1281176265,193,후루룩손칼국수,후루룩손칼국수,"칼국수,만두","13494) 경기 성남시 분당구 대왕판교로 670 삼평동, 유스페이스2 B01층 103호",경기 성남시 분당구 대왕판교로 670 유스페이스2 B103호,https://ldb-phinf.pstatic.net/20240512_122/17155136762440Dnir_JPEG/1000000539.jpg,https://m.place.naver.com/place/1281176265/menu/list
1944794455,201,마마스포,마마스포,태국음식,13494) 경기도 성남시 분당구 판교역로 231 (삼평동) 1층 123호,경기 성남시 분당구 판교역로 231 H스퀘어 S동 1층 123호 스타벅스 뒷편,https://ldb-phinf.pstatic.net/20260411_209/1775897449773apAVB_JPEG/%BB%D1%B4%D4.jpg,https://m.place.naver.com/place/1944794455/menu/list
1102164767,29,타이팔칠(Thai87),타이팔칠,태국음식,13494) 경기도 성남시 분당구 대왕판교로 660 (삼평동) 1층,경기 성남시 분당구 대왕판교로 660 유스페이스1 B동 1층 137호 타이팔칠,https://ldb-phinf.pstatic.net/20220930_105/16645340937327owwl_JPEG/1658213040776.jpg,https://m.place.naver.com/place/1102164767/menu/list
35482992,375,브루클린,브루클린 피자,피자,13494) 경기도 성남시 분당구 대왕판교로 670 107호 유스페이스2,"경기 성남시 분당구 대왕판교로 670 유스페이스2 A동 106,107호",https://ldb-phinf.pstatic.net/20230802_14/16909548022786hq2x_PNG/under5mb_01.png,https://m.place.naver.com/place/35482992/menu/list
19367147,232,피노피자(판교점),피노피자 판교점,피자,11111) 경기도 성남시 분당구 판교역로 109 SK허브 지하2층 피노피자,경기 성남시 분당구 판교역로 109 판교역SK허브 B동 1층 B215호,https://ldb-phinf.pstatic.net/20190717_148/1563336712813Ekm2H_JPEG/1HdiuWw0_cFF4Sg4Ei_ZHNPX.jpg,https://m.place.naver.com/place/19367147/menu/list
1861683783,265,호미스피자(판교점),호미스피자 판교점,피자,13493) 경기도 성남시 분당구 판교역로 230 (삼평동) B동 B108호(삼환하이펙스),경기 성남시 분당구 판교역로 230 삼환하이펙스 B동 b108호,https://ldb-phinf.pstatic.net/20260409_69/1775746779801EUNfg_PNG/%BB%EA%C6%E4%B5%E5%B7%CE%C4%A1%C6%FA%B7%B9.png,https://m.place.naver.com/place/1861683783/menu/list
1165109972,393,국밥공방,국밥공방,한식,13494) 경기도 성남시 분당구 판교역로 231 에스동 비1층 비101호,경기 성남시 분당구 판교역로 231 에이치스퀘어 에스동 비1층 비101호,https://ldb-phinf.pstatic.net/20260530_110/1780094828685JmolD_JPEG/34674.jpg,https://m.place.naver.com/place/1165109972/menu/list
1608631238,249,나진국밥(판교점),나진국밥 분당야탑점,한식,"13494) 경기 성남시 분당구 대왕판교로 660 삼평동, 유스페이스1 2층 237호","경기 성남시 분당구 매화로 56 1층 103호, 104호",https://ldb-phinf.pstatic.net/20241004_222/17280230761545SGOV_JPEG/temp_1728021750220.-1131058911.jpeg,https://m.place.naver.com/place/1608631238/menu/list
1312199062,335,대감집,대감집 판교본점,한식,13529) 경기도 성남시 분당구 판교역로 136 (백현동) 1층,"경기 성남시 분당구 판교역로 136 1층 레드존 1089,1090,1091호",https://ldb-phinf.pstatic.net/20260609_263/1781009992692zB91W_JPEG/ChatGPT_Image_2026%B3%E2_6%BF%F9_9%C0%CF_%BF%C0%C8%C4_08_41_08.jpg,https://m.place.naver.com/place/1312199062/menu/list
1999883076,273,만찬(슈마우스),만찬,한식,"13493) 경기도 성남시 분당구 판교역로 240 삼평동, 삼환하이펙스A동",경기 성남시 분당구 판교역로 240,,https://m.place.naver.com/place/1999883076/menu/list
1495413009,259,명품보쌈,명품보쌈,한식,"13493) 경기도 성남시 분당구 판교역로 230 B동  지하1층 121 (삼평동, 삼환하이펙스)",경기 성남시 분당구 판교역로 230 삼환하이펙스 B동 B121호,https://ldb-phinf.pstatic.net/20251126_207/17641207715811zv18_JPEG/1000021793.jpg,https://m.place.naver.com/place/1495413009/menu/list
1815304169,352,무안회관(판교점),무안회관 판교점,한식,"13524) 경기도 성남시 분당구 판교역로192번길 12 1층(삼평동, 판교미래에셋센터)",경기 성남시 분당구 판교역로192번길 12 1층,https://ldb-phinf.pstatic.net/20241007_26/1728279474855xt6m2_JPEG/%B9%AB%BE%C8%C8%B8%B0%FC_%B4%EB%C1%F6_1-01.jpg,https://m.place.naver.com/place/1815304169/menu/list
1603429250,98,문막집,문막집,한식,"13494) 경기 성남시 분당구 대왕판교로 660, 1층 128호 삼평동, 유스페이스1",경기 성남시 분당구 대왕판교로 660 유스페이스1 A동 1층 128호,https://ldb-phinf.pstatic.net/20220301_222/1646145014958qh6cU_JPEG/color_correct-2.jpg,https://m.place.naver.com/place/1603429250/menu/list
1098964052,323,문어집(판교점),문어집,한식,"13494) 경기도 성남시 분당구 대왕판교로 660 1층 122호(삼평동, 유스페이스1)",경기 성남시 분당구 대왕판교로 660 유스페이스1 A동 1층 122호,,https://m.place.naver.com/place/1098964052/menu/list
1112808726,402,밥볶다(동판교점),밥볶다,한식,"13493) 경기도 성남시 분당구 판교역로 240 (삼평동) 지하1층 B115호, B115-1호","경기 성남시 분당구 판교역로 240 삼환하이펙스a동 지하1층 115, 115-1",https://ldb-phinf.pstatic.net/20211109_78/1636455835164Nipy1_JPEG/6t7kC36mwgrBYD_ZKsQ6I_fe.jpg,https://m.place.naver.com/place/1112808726/menu/list
1627731371,107,밥이랑커피랑,밥이랑커피랑,한식,"13530) 경기 성남시 분당구 판교역로 145 백현동, 알파리움2단지, 지하1층",경기 성남시 분당구 판교역로 145 지1층 B145호,https://ldb-phinf.pstatic.net/20241019_231/17293048591280VOSH_JPEG/20241001_162439.jpg,https://m.place.naver.com/place/1627731371/menu/list
2073156975,35,본우리반상(판교H스퀘어점),본우리반상 판교H스퀘어점,한식,"13494) 경기도 성남시 분당구 판교역로 231 (삼평동, 에이치스퀘어 에스동) 지하1층 B102호",경기 성남시 분당구 판교역로 231,https://ldb-phinf.pstatic.net/20260409_75/1775706795565aAGvf_JPEG/2603_%BA%BB%BF%EC%B8%AE%B9%DD%BB%F3_%BA%BB%BF%EC%B8%AE%C7%D1%BB%F3%C1%A4%C2%F9.jpg,https://m.place.naver.com/place/2073156975/menu/list
1867012609,376,봉피양(판교점),봉피양 판교점,한식,"13494) 경기도 성남시 분당구 판교역로 235 121, 122호 삼평동, 에이치스퀘어 엔동",경기 성남시 분당구 판교역로 235 H스퀘어 N동 1층 봉피양,https://ldb-phinf.pstatic.net/20191231_286/1577767384082NFeLy_JPEG/PvZU8p4VwmVjXs6nJX-zaX_W.jpg,https://m.place.naver.com/place/1867012609/menu/list
1691434382,351,북청집,북청집,한식,13493) 경기도 성남시 분당구 판교역로 230 (삼평동) 지하1층,경기 성남시 분당구 판교역로 230 삼환하이팩스 B동 104호,,https://m.place.naver.com/place/1691434382/menu/list
1193167455,385,삼군 김치찌개,삼군김치찌개,한식,"13493) 경기도 성남시 분당구 판교역로 230 B동 B117호(삼평동, 삼환하이펙스)",경기 성남시 분당구 판교역로 230 B동 B117호,https://ldb-phinf.pstatic.net/20240219_100/17083165164182mzEy_JPEG/%C0%CC%B9%CC%C1%F6_%C1%D8%BA%F1%C1%DF.jpg,https://m.place.naver.com/place/1193167455/menu/list
1910738742,78,손에손잡고(판교직영점)_POS,손에손잡고 판교직영점,한식,"13524) 경기 성남 분당구 대왕판교로606번길 47 , 1층 102호",경기 성남시 분당구 대왕판교로606번길 47 1층 102호,https://ldb-phinf.pstatic.net/20250405_30/1743791260589E1PGI_JPEG/4_%BC%D5%BC%D5_%B4%DF%B5%B5%B8%AE%C5%C1%28%C1%DF%29.jpg,https://m.place.naver.com/place/1910738742/menu/list
1323320226,91,솔솥(판교점),솔솥 판교점,한식,"13530) 경기도 성남시 분당구 대왕판교로606번길 10 (백현동, 알파리움1단지) 1층",경기 성남시 분당구 대왕판교로606번길 10 제타워 1동 1층 116호,https://ldb-phinf.pstatic.net/20260406_163/1775436935214ECWnC_PNG/%B6%F8%BD%BA%C5%CD_%BB%F5%BF%EC_%BC%DC%B9%E4.png,https://m.place.naver.com/place/1323320226/menu/list
2030772228,37,수국정 판교,수국정 판교,한식,13493) 경기도 성남시 분당구 판교역로 240 (삼평동) 삼환하이펙스 A동 지하 121호,경기 성남시 분당구 판교역로 240 지하1층 B-121호,https://ldb-phinf.pstatic.net/20251030_234/1761800409665xTuBM_JPEG/20250823_%BC%F6%B1%B9%C1%A4%285m%29-%C7%D1%BF%EC%B1%B9%B9%E4.jpg,https://m.place.naver.com/place/2030772228/menu/list
1011781285,120,스마일쿡,스마일쿡,한식,"13494) 경기 성남시 분당구 판교역로 231 삼평동, 에이치스퀘어 에스동 B1 112호",경기 성남시 분당구 판교역로 231,,https://m.place.naver.com/place/1011781285/menu/list
1628161572,306,오덮,오덮,한식,"13493) 경기 성남시 분당구 판교역로 240 삼평동, 삼환하이펙스A동 지하1층",경기 성남시 분당구 판교역로 240,,https://m.place.naver.com/place/1628161572/menu/list
1620963045,312,오봉집(판교유스페이스점),오봉집 판교유스페이스점,한식,13494) 경기도 성남시 분당구 대왕판교로 670 (삼평동)  2층 213호,경기 성남시 분당구 대왕판교로 670 B동 2층 213호,,https://m.place.naver.com/place/1620963045/menu/list
1545864194,192,옥된장,옥된장 판교점,한식,13524) 경기도 성남시 분당구 판교역로 184 (삼평동) 1층 102-2호,경기 성남시 분당구 판교역로 184 1층 102-2호 옥된장 판교점,https://ldb-phinf.pstatic.net/20260109_25/1767922533564Pt6sY_PNG/%BF%C1%B5%C8%C0%E5-%B7%CE%B0%ED-1.png,https://m.place.naver.com/place/1545864194/menu/list
1249368340,137,육대장(판교점),육마니 판교운중점,한식,13493) 경기도 성남시 분당구 판교역로 230,경기 성남시 분당구 운중로146번길 11-4,https://ldb-phinf.pstatic.net/20240506_170/1714965955644R3rsP_JPEG/menu01.jpg,https://m.place.naver.com/place/1249368340/menu/list
1846531786,61,육회한 김스지,육회한김스지,한식,13494) 경기도 성남시 분당구 대왕판교로 660 (삼평동) 1층,경기 성남시 분당구 대왕판교로 660 판교유스페이스1 1층 123호 육회한 김스지,https://ldb-phinf.pstatic.net/20260512_101/1778563667841QhWGV_JPEG/13303.jpg,https://m.place.naver.com/place/1846531786/menu/list
1662712608,207,윤가네용대리황태국(판교점),윤가네용대리황태국 판교점,한식,"13494) 경기 성남시 분당구 대왕판교로 660 삼평동, 유스페이스1 1층","경기 성남시 분당구 대왕판교로 660 (삼평동, 유스 페이스1) 116호",https://ldb-phinf.pstatic.net/20240929_48/17275893698932HbU2_JPEG/1727589345382.jpg,https://m.place.naver.com/place/1662712608/menu/list
2098667179,74,청담보리가_QR,청담보리가,한식,13524) 경기도 성남시 분당구 대왕판교로606번길 45 (삼평동) 2층 리파인,경기 성남시 분당구 대왕판교로606번길 45 2층 201호~203 호,https://ldb-phinf.pstatic.net/20250609_55/1749458468812dNWR5_JPEG/%BA%B8%B8%AE%B0%A13.jpg,https://m.place.naver.com/place/2098667179/menu/list
1127351030,327,(주)엔바이콘 판교순대,판교순대,한식,13487) 경기도 성남시 분당구 대왕판교로645번길 36,경기 성남시 분당구 대왕판교로645번길 36 NS홈쇼핑별관 지하 1층,https://ldb-phinf.pstatic.net/20260401_113/1775001957692l6vHV_PNG/%BB%EF%B0%E3%BC%F6%C0%B0%C2%F2.png,https://m.place.naver.com/place/1127351030/menu/list
1459038826,73,하동곰탕(화수분),하동곰탕다동북엇국,한식,13493) 경기도 성남시 분당구 판교역로 230 (삼평동) 지하 1층,경기 성남시 분당구 판교역로 230,,https://m.place.naver.com/place/1459038826/menu/list
1096319161,244,"맛남의광장한식뷔페(구,매드한식)_QR",맛남의광장 프리미엄 한식뷔페,한식뷔페,13524) 경기도 성남시 분당구 판교역로192번길 14-1 (삼평동) 판교예미지빌딩 1층,"경기 화성시 효행구 정남면 정남산단로 142-24 101호, 102호, 103호,108 호,109호",https://ldb-phinf.pstatic.net/20230908_114/1694159910239LvPIT_JPEG/KakaoTalk_20230908_165418323_04.jpg,https://m.place.naver.com/place/1096319161/menu/list
1967020590,93,해우리(판교점),해우리 판교점,한정식,"13530) 경기 성남시 분당구 판교역로 145 백현동, 알파리움2단지 지하1층 122호외",경기 성남시 분당구 판교역로 145 알파돔시티 2동 B1,https://ldb-phinf.pstatic.net/20220728_37/1658997095564lubw9_PNG/%C7%D8%C3%CA%B0%ED%B5%EE%BE%EE.png,https://m.place.naver.com/place/1967020590/menu/list
31396411,377,수작,수작,"해물,생선요리",13494) 경기도 성남시 분당구 대왕판교로 670  유스페이스2 B동 B115호 수작,서울 강북구 한천로 1173 1층 수작,https://ldb-phinf.pstatic.net/20250113_248/1736763488279sqWWU_JPEG/KakaoTalk_20250113_191614475.jpg,https://m.place.naver.com/place/31396411/menu/list
989058786,254,해도락,해도락,"해물,생선요리","13494) 경기도 성남시 분당구 판교역로 235  1층 130~132호(삼평동, 에이치스퀘어 엔동)",경기 성남시 분당구 판교역로 235 에이치스퀘어 엔동 1층 130-131호,https://ldb-phinf.pstatic.net/20241231_300/1735626777405onybU_JPEG/1000035668.jpg,https://m.place.naver.com/place/989058786/menu/list
38668100,304,마키노차야(판교점),마키노차야 판교점,해산물뷔페,"13530) 경기 성남시 분당구 판교역로 145 백현동, 알파리움2단지 B109호",경기 성남시 분당구 판교역로 145 알파리움타워 2동 라스트리트 B1층,https://ldb-phinf.pstatic.net/20260419_270/1776591639615E3gOY_PNG/%B8%DE%B4%BA.png,https://m.place.naver.com/place/38668100/menu/list
1978611044,388,신제주해장국(판교점),신제주해장국 판교점,해장국,13493) 경기도 성남시 분당구 판교역로 240 (삼평동) B-107호,경기 성남시 분당구 판교역로 240 A동 지하1층 B-107호,https://ldb-phinf.pstatic.net/20250309_55/1741488220081SK13I_JPEG/25-01-030117-3840.jpg,https://m.place.naver.com/place/1978611044/menu/list
1270378270,212,제주은희네해장국(판교점),제주은희네해장국 판교점,해장국,"13494) 경기 성남시 분당구 판교역로 231 삼평동, 에이치스퀘어 에스동  지하1층 B122,B123 호",경기 성남시 분당구 판교역로 231 에이치스퀘어 에스동 지하1층,https://ldb-phinf.pstatic.net/20210331_149/16171747097656xQdc_JPEG/-cTUpcxcQtgK77XI0b8KbyYI.jpg,https://m.place.naver.com/place/1270378270/menu/list
1178059229,162,리듬앤버거,리듬앤버거,햄버거,13524) 경기도 성남시 분당구 판교역로192번길 14-2 (삼평동) 2층 12호,"경기 성남시 분당구 판교역로192번길 14-2 2층 12호(삼평동, 골드타워)",https://ldb-phinf.pstatic.net/20240312_5/17102440226916O1q8_JPEG/new_rhythm.jpg,https://m.place.naver.com/place/1178059229/menu/list
33451326,146,맥도날드(동판교점),맥도날드 동판교점,햄버거,13525) 경기도 성남시 분당구 대왕판교로606번길 58 (삼평동) 맥도날드(동판교),경기 성남시 분당구 대왕판교로606번길 58 푸르지오월드마크 1층 맥도날드 동판교점,https://ldb-phinf.pstatic.net/20220708_127/1657245800032ACyys_PNG/1.png,https://m.place.naver.com/place/33451326/menu/list
37576885,141,맥도날드(판교테크노밸리점),맥도날드 판교테크노밸리점,햄버거,13494) 경기도 성남시 분당구 판교역로 231 (삼평동) 맥도날드(판교테크노밸리),경기 성남시 분당구 판교역로 231 H스퀘어 S동,https://ldb-phinf.pstatic.net/20220708_127/1657245800032ACyys_PNG/1.png,https://m.place.naver.com/place/37576885/menu/list
843434158,174,바스버거(판교테크노밸리점),바스버거 판교테크노밸리점,햄버거,13494) 경기도 성남시 분당구 대왕판교로 660 (삼평동) 지하1층 B128-3호,경기 성남시 분당구 대왕판교로 660 유스페이스1 지하1층 128-3 바스버거,https://ldb-phinf.pstatic.net/20260127_67/17695178989258pYyy_PNG/%BC%BC%C6%AE%29%B4%F5%B9%D9%BD%BA%B9%F6%B0%C5.png,https://m.place.naver.com/place/843434158/menu/list
1576755556,80,버거옥(판교역점),버거옥 판교역점,햄버거,13529) 경기도 성남시 분당구 판교역로 138 (백현동) 1층,경기 성남시 분당구 판교역로 138 1층,https://ldb-phinf.pstatic.net/20250601_6/1748704435299tqlsU_JPEG/%C7%C3%B7%A1%C6%BC%B3%D1%28%B4%F5%BA%ED%B5%EE%BD%C9%2B%B4%F5%BA%ED%C5%D9%B4%F5%29.jpg,https://m.place.naver.com/place/1576755556/menu/list
1168399901,310,버거온플릭_KIOSK,버거온플릭,햄버거,"13530) 경기도 성남시 분당구 판교역로 145 (백현동, 알파리움2단지) 2층 206호",경기 성남시 분당구 판교역로 145 라스트리트 2동 206호,,https://m.place.naver.com/place/1168399901/menu/list
34573564,293,버거킹(판교유스페이스점),버거킹 판교유스페이스점,햄버거,13494) 경기도 성남시 분당구 삼평동 대왕판교로 660 1층,경기 성남시 분당구 대왕판교로 660 유스페이스1,https://ldb-phinf.pstatic.net/20220107_92/1641518844447mLmln_PNG/%C5%B0%BF%C0%BD%BA%C5%A9%BF%EB-%C1%D6%B4%CF%BE%EE_%B9%F6%B0%C5-%C5%EB%BB%F5%BF%EC%BF%CD%C6%DB%C1%D6%B4%CF%BE%EE-%BC%BC%C6%AER.png,https://m.place.naver.com/place/34573564/menu/list
1933177351,87,브루클린더버거조인트(판교점),브루클린더버거조인트 판교점,햄버거,13529) 경기도 성남시 분당구 판교역로 166 (백현동) 1층 15호(백현동),경기 성남시 분당구 판교역로 166 카카오통합오피스 1층 15호,https://ldb-phinf.pstatic.net/20251229_220/1767019188601cUbxx_JPEG/MasiLab_0902_BK_034-1%C4%ED%C6%CE%BF%EB.jpg,https://m.place.naver.com/place/1933177351/menu/list
1261877961,39,텐버거(판교점),텐버거 판교점,햄버거,13493) 경기도 성남시 분당구 판교역로 240 (삼평동) 지1층 비-110호,경기 성남시 분당구 판교역로 240 지하1층 B119,https://ldb-phinf.pstatic.net/20260519_64/1779175005090mfzVp_JPEG/25180.jpg,https://m.place.naver.com/place/1261877961/menu/list
1494664120,82,패티바이번(판교알파돔타워점),패티바이번 판교알파돔타워점,햄버거,13529) 경기도 성남시 분당구 판교역로 152 (백현동) 1층 패티바이번,경기 성남시 분당구 판교역로 152 1층,,https://m.place.naver.com/place/1494664120/menu/list
